doseg_[km],poraba_[kWh/100km],kapaciteta_[kWh],cas_polnjenja[min/100km],pospesek(0-100km/h)_[s],cena_[EUR],drzava,leto,znamka,model,link
720.0,16.9,122.0,6,5.9,108635,Nemčija,2026,Mercedes-Benz,EQS 450+,https://bestev4me.eu/ev-catalog/3578/mercedes-benz-eqs-450-2026
720.0,16.3,117.0,6,3.2,130900,ZDA,2024,Lucid,Air Grand Touring,https://bestev4me.eu/ev-catalog/3273/lucid-air-grand-touring-2024
715.0,15.2,108.7,5,4.7,65900,Nemčija,2026,BMW,i3 50 xDrive,https://bestev4me.eu/ev-catalog/3657/bmw-i3-50-xdrive-2026
685.0,17.2,118.0,7,6.2,109551,Nemčija,2024,Mercedes-Benz,EQS 450+,https://bestev4me.eu/ev-catalog/2193/mercedes-benz-eqs-450-2024
685.0,17.2,118.0,6,2.9,218000,ZDA,2022,Lucid,Air Dream Edition R,https://bestev4me.eu/ev-catalog/1696/lucid-air-dream-edition-r-2022
680.0,17.9,122.0,6,4.5,123284,Nemčija,2026,Mercedes-Benz,EQS 500 4MATIC,https://bestev4me.eu/ev-catalog/3579/mercedes-benz-eqs-500-4matic-2026
670.0,18.2,122.0,6,4.1,134732,Nemčija,2026,Mercedes-Benz,EQS 580 4MATIC,https://bestev4me.eu/ev-catalog/3580/mercedes-benz-eqs-580-4matic-2026
670.0,17.6,118.0,6,2.7,218000,ZDA,2022,Lucid,Air Dream Edition P,https://bestev4me.eu/ev-catalog/1098/lucid-air-dream-edition-p-2022
670.0,16.7,112.0,6,6.2,94403,Nemčija,2026,Mercedes-Benz,EQS 400,https://bestev4me.eu/ev-catalog/3577/mercedes-benz-eqs-400-2026
670.0,21.0,141.0,5,4.6,105000,Nemčija,2026,BMW,iX5 60 xDrive,https://bestev4me.eu/ev-catalog/3664/bmw-ix5-60-xdrive-2026
665.0,16.8,112.0,7,3.0,129000,ZDA,2023,Lucid,Air Grand Touring,https://bestev4me.eu/ev-catalog/1316/lucid-air-grand-touring-2023
655.0,18.0,118.0,8,5.7,113359,Nemčija,2024,Mercedes-Benz,EQS 450 4MATIC,https://bestev4me.eu/ev-catalog/2194/mercedes-benz-eqs-450-4matic-2024
640.0,18.4,118.0,8,4.9,125378,Nemčija,2024,Mercedes-Benz,EQS 500 4MATIC,https://bestev4me.eu/ev-catalog/2195/mercedes-benz-eqs-500-4matic-2024
640.0,18.4,118.0,8,4.4,141705,Nemčija,2024,Mercedes-Benz,EQS 580 4MATIC,https://bestev4me.eu/ev-catalog/2196/mercedes-benz-eqs-580-4matic-2024
635.0,17.0,107.8,7,6.2,109551,Nemčija,2021,Mercedes-Benz,EQS 450+,https://bestev4me.eu/ev-catalog/1483/mercedes-benz-eqs-450-2021
635.0,17.1,108.7,5,4.9,70900,Nemčija,2025,BMW,iX3 50 xDrive,https://bestev4me.eu/ev-catalog/3290/bmw-ix3-50-xdrive-2025
635.0,17.1,108.4,7,6.1,109551,Nemčija,2023,Mercedes-Benz,EQS 450+,https://bestev4me.eu/ev-catalog/2008/mercedes-benz-eqs-450-2023
615.0,20.0,123.0,7,3.6,119900,ZDA,2025,Lucid,Gravity Grand Touring,https://bestev4me.eu/ev-catalog/3292/lucid-gravity-grand-touring-2025
610.0,19.3,118.0,7,2.0,250000,ZDA,2025,Lucid,Air Sapphire,https://bestev4me.eu/ev-catalog/3274/lucid-air-sapphire-2025
610.0,18.4,112.0,5,3.9,71990,Švedska,2026,Volvo,EX60 P12 AWD,https://bestev4me.eu/ev-catalog/3443/volvo-ex60-p12-awd-2026
610.0,17.8,108.4,7,5.6,113359,Nemčija,2023,Mercedes-Benz,EQS 450 4MATIC,https://bestev4me.eu/ev-catalog/2009/mercedes-benz-eqs-450-4matic-2023
605.0,15.9,96.0,7,3.6,99900,ZDA,2024,Lucid,Air Touring,https://bestev4me.eu/ev-catalog/3270/lucid-air-touring-2024
605.0,17.8,107.8,7,5.6,113359,Nemčija,2022,Mercedes-Benz,EQS 450 4MATIC,https://bestev4me.eu/ev-catalog/1699/mercedes-benz-eqs-450-4matic-2022
600.0,15.8,94.9,6,5.4,75600,Nemčija,2024,Audi,A6 Sportback e-tron performance,https://bestev4me.eu/ev-catalog/2270/audi-a6-sportback-e-tron-performance-2024
600.0,17.3,103.5,6,5.8,,Kitajska,2025,Hongqi,EH7 111 kWh Long Range,https://bestev4me.eu/ev-catalog/3138/hongqi-eh7-111-kwh-long-range-2025
600.0,17.7,106.0,3,2.8,154700,Nemčija,2026,Mercedes-Benz,AMG GT 4-Door Coupé 55 4MATIC+,https://bestev4me.eu/ev-catalog/3627/mercedes-benz-amg-gt-4-door-coupe-55-4matic-2026
600.0,16.0,96.0,7,3.6,99900,ZDA,2025,Lucid,Air Touring,https://bestev4me.eu/ev-catalog/3272/lucid-air-touring-2025
600.0,17.7,106.0,3,2.4,196350,Nemčija,2026,Mercedes-Benz,AMG GT 4-Door Coupé 63 4MATIC+,https://bestev4me.eu/ev-catalog/3626/mercedes-benz-amg-gt-4-door-coupe-63-4matic-2026
590.0,18.3,107.8,7,4.3,141705,Nemčija,2021,Mercedes-Benz,EQS 580 4MATIC,https://bestev4me.eu/ev-catalog/1484/mercedes-benz-eqs-580-4matic-2021
590.0,18.4,108.4,7,4.8,125378,Nemčija,2023,Mercedes-Benz,EQS 500 4MATIC,https://bestev4me.eu/ev-catalog/2010/mercedes-benz-eqs-500-4matic-2023
590.0,18.4,108.4,7,4.3,141705,Nemčija,2023,Mercedes-Benz,EQS 580 4MATIC,https://bestev4me.eu/ev-catalog/2011/mercedes-benz-eqs-580-4matic-2023
590.0,16.1,95.0,8,3.2,110970,ZDA,2025,Tesla,Model S AWD,https://bestev4me.eu/ev-catalog/3383/tesla-model-s-awd-2025
590.0,18.3,107.8,7,4.8,125378,Nemčija,2022,Mercedes-Benz,EQS 500 4MATIC,https://bestev4me.eu/ev-catalog/1700/mercedes-benz-eqs-500-4matic-2022
585.0,20.2,118.0,9,3.4,155009,Nemčija,2024,Mercedes-Benz,EQS AMG 53 4MATIC+,https://bestev4me.eu/ev-catalog/2197/mercedes-benz-eqs-amg-53-4matic-2024
585.0,14.5,85.0,5,6.7,55728,Nemčija,2025,Mercedes-Benz,CLA 250+,https://bestev4me.eu/ev-catalog/3139/mercedes-benz-cla-250-2025
580.0,18.3,106.0,6,3.9,118600,Švedska,2025,Polestar,5 Dual Motor,https://bestev4me.eu/ev-catalog/3298/polestar-5-dual-motor-2025
580.0,13.6,79.0,7,5.2,45970,ZDA,2025,Tesla,Model 3 Premium RWD,https://bestev4me.eu/ev-catalog/3404/tesla-model-3-premium-rwd-2025
580.0,19.8,115.0,6,2.5,550000,Italija,2026,Ferrari,Luce,https://bestev4me.eu/ev-catalog/3643/ferrari-luce-2026
580.0,15.2,88.0,7,4.7,85900,ZDA,2025,Lucid,Air Pure RWD,https://bestev4me.eu/ev-catalog/3271/lucid-air-pure-rwd-2025
580.0,13.6,79.0,7,5.2,45970,ZDA,2025,Tesla,Model 3 Long Range RWD,https://bestev4me.eu/ev-catalog/3330/tesla-model-3-long-range-rwd-2025
575.0,16.5,95.0,8,3.2,110970,ZDA,2023,Tesla,Model S Dual Motor,https://bestev4me.eu/ev-catalog/1404/tesla-model-s-dual-motor-2023
575.0,16.5,94.9,6,5.4,77250,Nemčija,2024,Audi,A6 Avant e-tron performance,https://bestev4me.eu/ev-catalog/2272/audi-a6-avant-e-tron-performance-2024
575.0,14.8,85.0,5,4.9,60285,Nemčija,2025,Mercedes-Benz,CLA 350 4MATIC,https://bestev4me.eu/ev-catalog/3140/mercedes-benz-cla-350-4matic-2025
570.0,16.6,94.9,6,4.7,79800,Nemčija,2024,Audi,A6 Sportback e-tron quattro,https://bestev4me.eu/ev-catalog/3052/audi-a6-sportback-e-tron-quattro-2024
570.0,16.8,96.0,9,6.7,,Nemčija,2024,Mercedes-Benz,EQS 350,https://bestev4me.eu/ev-catalog/2155/mercedes-benz-eqs-350-2024
565.0,17.2,97.0,5,3.7,126422,Nemčija,2024,Porsche,Taycan 4S Plus,https://bestev4me.eu/ev-catalog/2101/porsche-taycan-4s-plus-2024
565.0,15.0,85.0,5,6.8,57096,Nemčija,2025,Mercedes-Benz,CLA Shooting Brake 250+,https://bestev4me.eu/ev-catalog/3396/mercedes-benz-cla-shooting-brake-250-2025
565.0,16.8,95.0,8,2.4,120970,ZDA,2025,Tesla,Model S Plaid,https://bestev4me.eu/ev-catalog/3384/tesla-model-s-plaid-2025
565.0,17.2,97.0,5,4.6,111924,Nemčija,2024,Porsche,Taycan 4 Plus,https://bestev4me.eu/ev-catalog/3061/porsche-taycan-4-plus-2024
560.0,16.4,92.0,7,3.6,99000,ZDA,2023,Lucid,Air Touring,https://bestev4me.eu/ev-catalog/1317/lucid-air-touring-2023
560.0,20.1,112.5,8,4.8,140100,Nemčija,2026,BMW,i7 60 xDrive,https://bestev4me.eu/ev-catalog/3557/bmw-i7-60-xdrive-2026
560.0,16.4,92.0,7,4.0,109000,ZDA,2023,Lucid,Air Pure AWD,https://bestev4me.eu/ev-catalog/1318/lucid-air-pure-awd-2023
560.0,18.2,102.0,6,4.0,94490,Švedska,2025,Volvo,ES90 Twin Motor Performance,https://bestev4me.eu/ev-catalog/3130/volvo-es90-twin-motor-performance-2025
560.0,17.0,95.0,8,2.4,120970,ZDA,2022,Tesla,Model S Plaid,https://bestev4me.eu/ev-catalog/1405/tesla-model-s-plaid-2022
560.0,16.9,94.9,6,4.5,81450,Nemčija,2024,Audi,A6 Avant e-tron quattro,https://bestev4me.eu/ev-catalog/3054/audi-a6-avant-e-tron-quattro-2024
560.0,18.2,102.0,6,5.5,88990,Švedska,2025,Volvo,ES90 Twin Motor,https://bestev4me.eu/ev-catalog/3129/volvo-es90-twin-motor-2025
560.0,20.1,112.5,8,5.5,121400,Nemčija,2026,BMW,i7 50 xDrive,https://bestev4me.eu/ev-catalog/3556/bmw-i7-50-xdrive-2026
555.0,15.3,85.0,5,5.0,61654,Nemčija,2025,Mercedes-Benz,CLA Shooting Brake 350 4MATIC,https://bestev4me.eu/ev-catalog/3397/mercedes-benz-cla-shooting-brake-350-4matic-2025
555.0,17.3,96.0,8,6.1,71412,Nemčija,2025,Mercedes-Benz,EQE 350+,https://bestev4me.eu/ev-catalog/3240/mercedes-benz-eqe-350-2025
555.0,17.7,98.0,10,3.8,81990,ZDA,2020,Tesla,Model S Long Range Plus,https://bestev4me.eu/ev-catalog/1323/tesla-model-s-long-range-plus-2020
555.0,17.3,96.0,8,6.5,71412,Nemčija,2024,Mercedes-Benz,EQE 350+,https://bestev4me.eu/ev-catalog/2205/mercedes-benz-eqe-350-2024
555.0,17.1,94.9,6,3.9,99500,Nemčija,2024,Audi,S6 Sportback e-tron,https://bestev4me.eu/ev-catalog/2271/audi-s6-sportback-e-tron-2024
555.0,16.9,94.0,6,4.0,67711,Nemčija,2026,Mercedes-Benz,C 400 4MATIC,https://bestev4me.eu/ev-catalog/3551/mercedes-benz-c-400-4matic-2026
555.0,14.2,79.0,8,4.4,50970,ZDA,2025,Tesla,Model 3 Long Range AWD,https://bestev4me.eu/ev-catalog/3331/tesla-model-3-long-range-awd-2025
550.0,19.3,106.0,4,7.8,81600,Kitajska,2026,XPENG,X9 FWD Long Range,https://bestev4me.eu/ev-catalog/3612/xpeng-x9-fwd-long-range-2026
550.0,10.9,60.0,12,10.0,297500,Nizozemska,2022,Lightyear,0,https://bestev4me.eu/ev-catalog/1166/lightyear-0-2022
550.0,17.5,96.0,5,5.3,53950,Kitajska,2026,Zeekr,7GT Long Range RWD,https://bestev4me.eu/ev-catalog/3429/zeekr-7gt-long-range-rwd-2026
550.0,13.6,75.0,8,5.2,44990,ZDA,2024,Tesla,Model 3 Long Range RWD,https://bestev4me.eu/ev-catalog/3034/tesla-model-3-long-range-rwd-2024
545.0,17.8,97.2,9,7.8,63200,Francija,2024,DS,N°8 FWD Long Range,https://bestev4me.eu/ev-catalog/3077/ds-n8-fwd-long-range-2024
545.0,19.8,108.0,5,4.8,109000,Nemčija,2026,Porsche,Cayenne Coupé Electric,https://bestev4me.eu/ev-catalog/3560/porsche-cayenne-coupe-electric-2026
545.0,14.7,80.0,5,7.4,55300,Južna Koreja,2026,Hyundai,IONIQ 6 84 kWh RWD,https://bestev4me.eu/ev-catalog/3439/hyundai-ioniq-6-84-kwh-rwd-2026
540.0,18.0,97.0,5,4.0,108900,Nemčija,2025,Audi,e-tron GT quattro,https://bestev4me.eu/ev-catalog/3182/audi-e-tron-gt-quattro-2025
540.0,19.6,106.0,4,5.9,86600,Kitajska,2026,XPENG,X9 AWD Performance,https://bestev4me.eu/ev-catalog/3613/xpeng-x9-awd-performance-2026
540.0,20.0,108.0,5,3.8,130300,Nemčija,2026,Porsche,Cayenne S Coupé Electric,https://bestev4me.eu/ev-catalog/3561/porsche-cayenne-s-coupe-electric-2026
540.0,16.8,90.6,8,6.6,97806,Nemčija,2021,Mercedes-Benz,EQS 350,https://bestev4me.eu/ev-catalog/1562/mercedes-benz-eqs-350-2021
540.0,21.9,118.0,9,6.8,110801,Nemčija,2023,Mercedes-Benz,EQS SUV 450+,https://bestev4me.eu/ev-catalog/2087/mercedes-benz-eqs-suv-450-2023
540.0,18.0,97.0,5,3.4,126000,Nemčija,2024,Audi,S e-tron GT,https://bestev4me.eu/ev-catalog/2219/audi-s-e-tron-gt-2024
540.0,20.0,107.8,8,3.4,155009,Nemčija,2022,Mercedes-Benz,EQS AMG 53 4MATIC+,https://bestev4me.eu/ev-catalog/1537/mercedes-benz-eqs-amg-53-4matic-2022
535.0,18.1,97.0,5,3.3,147700,Nemčija,2024,Porsche,Taycan GTS,https://bestev4me.eu/ev-catalog/3062/porsche-taycan-gts-2024
535.0,18.1,97.0,5,2.7,175600,Nemčija,2024,Porsche,Taycan Turbo,https://bestev4me.eu/ev-catalog/2102/porsche-taycan-turbo-2024
535.0,18.3,98.0,10,2.8,98990,ZDA,2020,Tesla,Model S Performance,https://bestev4me.eu/ev-catalog/1324/tesla-model-s-performance-2020
535.0,20.3,108.4,8,3.4,155009,Nemčija,2023,Mercedes-Benz,EQS AMG 53 4MATIC+,https://bestev4me.eu/ev-catalog/2012/mercedes-benz-eqs-amg-53-4matic-2023
530.0,22.3,118.0,9,5.3,124545,Nemčija,2023,Mercedes-Benz,EQS SUV 500 4MATIC,https://bestev4me.eu/ev-catalog/2089/mercedes-benz-eqs-suv-500-4matic-2023
530.0,17.9,94.9,7,3.9,101150,Nemčija,2024,Audi,S6 Avant e-tron,https://bestev4me.eu/ev-catalog/2273/audi-s6-avant-e-tron-2024
530.0,20.2,107.0,9,7.8,79090,Švedska,2024,Polestar,3 Long Range Single motor,https://bestev4me.eu/ev-catalog/2229/polestar-3-long-range-single-motor-2024
530.0,17.9,95.0,11,3.8,79990,ZDA,2019,Tesla,Model S Long Range,https://bestev4me.eu/ev-catalog/1194/tesla-model-s-long-range-2019
530.0,18.3,97.2,9,5.4,75000,Francija,2024,DS,N°8 AWD Long Range,https://bestev4me.eu/ev-catalog/3078/ds-n8-awd-long-range-2024
530.0,15.8,84.0,8,4.7,85000,ZDA,2024,Lucid,Air Pure RWD,https://bestev4me.eu/ev-catalog/2116/lucid-air-pure-rwd-2024
530.0,18.3,97.0,5,4.8,108124,Nemčija,2024,Porsche,Taycan Plus Sport Turismo,https://bestev4me.eu/ev-catalog/2105/porsche-taycan-plus-sport-turismo-2024
530.0,17.1,90.6,8,6.4,,Nemčija,2023,Mercedes-Benz,EQE 350+,https://bestev4me.eu/ev-catalog/2006/mercedes-benz-eqe-350-2023
530.0,22.3,118.0,9,4.7,147923,Nemčija,2023,Mercedes-Benz,EQS SUV 580 4MATIC,https://bestev4me.eu/ev-catalog/2090/mercedes-benz-eqs-suv-580-4matic-2023
530.0,20.0,106.0,6,3.2,141600,Švedska,2025,Polestar,5 Performance,https://bestev4me.eu/ev-catalog/3299/polestar-5-performance-2025
530.0,22.3,118.0,9,6.1,114609,Nemčija,2023,Mercedes-Benz,EQS SUV 450 4MATIC,https://bestev4me.eu/ev-catalog/2088/mercedes-benz-eqs-suv-450-4matic-2023
530.0,18.2,96.5,5,4.9,54000,Kitajska,2025,MG,IM5 Long Range,https://bestev4me.eu/ev-catalog/3245/mg-im5-long-range-2025
530.0,21.2,112.4,8,3.8,182400,Nemčija,2026,BMW,i7 M70 xDrive,https://bestev4me.eu/ev-catalog/3558/bmw-i7-m70-xdrive-2026
525.0,20.3,106.5,10,3.9,69950,ZDA,2023,Fisker,Ocean One,https://bestev4me.eu/ev-catalog/1712/fisker-ocean-one-2023
525.0,17.3,90.6,8,6.4,70626,Nemčija,2022,Mercedes-Benz,EQE 350+,https://bestev4me.eu/ev-catalog/1538/mercedes-benz-eqe-350-2022
525.0,20.2,106.0,9,5.6,89550,Nemčija,2022,Audi,Q8 Sportback e-tron 55 quattro,https://bestev4me.eu/ev-catalog/1772/audi-q8-sportback-e-tron-55-quattro-2022
525.0,18.3,96.0,5,3.3,60450,Kitajska,2026,Zeekr,7GT Privilege AWD,https://bestev4me.eu/ev-catalog/3430/zeekr-7gt-privilege-awd-2026
525.0,14.3,75.0,8,4.4,49990,ZDA,2023,Tesla,Model 3 Long Range AWD,https://bestev4me.eu/ev-catalog/1992/tesla-model-3-long-range-awd-2023
525.0,17.0,89.0,10,7.3,67187,Nemčija,2023,Mercedes-Benz,EQE 300,https://bestev4me.eu/ev-catalog/1897/mercedes-benz-eqe-300-2023
525.0,18.5,97.0,5,2.5,160500,Nemčija,2024,Audi,RS e-tron GT performance,https://bestev4me.eu/ev-catalog/2221/audi-rs-e-tron-gt-performance-2024
525.0,18.5,97.0,5,2.8,147500,Nemčija,2024,Audi,RS e-tron GT,https://bestev4me.eu/ev-catalog/2220/audi-rs-e-tron-gt-2024
525.0,15.5,81.3,8,5.6,60600,Nemčija,2025,BMW,i4 eDrive40,https://bestev4me.eu/ev-catalog/3205/bmw-i4-edrive40-2025
525.0,18.5,97.0,5,2.4,209900,Nemčija,2024,Porsche,Taycan Turbo S,https://bestev4me.eu/ev-catalog/2103/porsche-taycan-turbo-s-2024
525.0,20.8,109.1,9,4.6,99900,Nemčija,2025,BMW,iX xDrive60,https://bestev4me.eu/ev-catalog/3110/bmw-ix-xdrive60-2025
525.0,17.0,89.0,10,6.9,67187,Nemčija,2025,Mercedes-Benz,EQE 300,https://bestev4me.eu/ev-catalog/3239/mercedes-benz-eqe-300-2025
525.0,16.4,86.0,8,6.6,59095,Nemčija,2025,Volkswagen,ID.7 Pro S,https://bestev4me.eu/ev-catalog/3257/volkswagen-id7-pro-s-2025
525.0,16.4,86.0,8,6.6,59495,Nemčija,2026,Volkswagen,ID.7 86 kWh,https://bestev4me.eu/ev-catalog/3600/volkswagen-id7-86-kwh-2026
520.0,16.5,86.0,8,6.7,59785,Nemčija,2024,Volkswagen,ID.7 Tourer Pro S,https://bestev4me.eu/ev-catalog/2119/volkswagen-id7-tourer-pro-s-2024
520.0,16.5,86.0,8,6.6,60295,Nemčija,2026,Volkswagen,ID.7 Tourer 86 kWh,https://bestev4me.eu/ev-catalog/3604/volkswagen-id7-tourer-86-kwh-2026
520.0,19.0,98.9,4,4.2,107990,Združeno kraljestvo,2025,Lotus,Emeya 600,https://bestev4me.eu/ev-catalog/3214/lotus-emeya-600-2025
520.0,19.6,101.7,9,5.5,115700,Nemčija,2023,BMW,i7 eDrive50,https://bestev4me.eu/ev-catalog/1905/bmw-i7-edrive50-2023
520.0,20.8,108.0,5,4.8,105200,Nemčija,2025,Porsche,Cayenne Electric,https://bestev4me.eu/ev-catalog/3398/porsche-cayenne-electric-2025
520.0,19.0,98.9,4,4.2,126950,Združeno kraljestvo,2024,Lotus,Emeya S,https://bestev4me.eu/ev-catalog/2142/lotus-emeya-s-2024
520.0,22.1,115.0,8,8.9,82260,Nemčija,2026,Mercedes-Benz,VLE 300,https://bestev4me.eu/ev-catalog/3519/mercedes-benz-vle-300-2026
520.0,20.8,108.0,5,3.8,126400,Nemčija,2026,Porsche,Cayenne S Electric,https://bestev4me.eu/ev-catalog/3486/porsche-cayenne-s-electric-2026
520.0,20.8,108.0,5,2.5,168500,Nemčija,2026,Porsche,Cayenne Turbo Coupé Electric,https://bestev4me.eu/ev-catalog/3562/porsche-cayenne-turbo-coupe-electric-2026
520.0,15.4,80.0,5,5.1,61550,Južna Koreja,2026,Hyundai,IONIQ 6 84 kWh AWD,https://bestev4me.eu/ev-catalog/3440/hyundai-ioniq-6-84-kwh-awd-2026
520.0,19.0,98.9,4,4.2,106400,Združeno kraljestvo,2024,Lotus,Emeya,https://bestev4me.eu/ev-catalog/2141/lotus-emeya-2024
520.0,16.5,86.0,8,6.7,59895,Nemčija,2025,Volkswagen,ID.7 Tourer Pro S,https://bestev4me.eu/ev-catalog/3260/volkswagen-id7-tourer-pro-s-2025
515.0,17.6,90.6,8,6.3,74149,Nemčija,2024,Mercedes-Benz,EQE 350 4MATIC,https://bestev4me.eu/ev-catalog/2206/mercedes-benz-eqe-350-4matic-2024
515.0,17.3,89.0,10,7.3,66402,Nemčija,2022,Mercedes-Benz,EQE 300,https://bestev4me.eu/ev-catalog/1713/mercedes-benz-eqe-300-2022
515.0,20.8,107.0,9,5.0,81590,Švedska,2022,Polestar,3 Long Range Dual motor,https://bestev4me.eu/ev-catalog/1758/polestar-3-long-range-dual-motor-2022
515.0,23.9,123.0,12,6.5,89790,Vietnam,2025,VinFast,VF 9 Extended Range,https://bestev4me.eu/ev-catalog/1811/vinfast-vf-9-extended-range-2025
525.0,17.3,90.6,8,6.4,70626,Nemčija,2022,Mercedes-Benz,EQE 350,https://bestev4me.eu/ev-catalog/1898/mercedes-benz-eqe-350-2022
515.0,18.9,97.2,9,7.8,61700,Francija,2026,DS,N°7 FWD Long Range,https://bestev4me.eu/ev-catalog/3624/ds-n7-fwd-long-range-2026
515.0,15.7,80.7,9,5.7,59200,Nemčija,2021,BMW,i4 eDrive40,https://bestev4me.eu/ev-catalog/1252/bmw-i4-edrive40-2021
515.0,15.8,81.3,8,5.6,60500,Nemčija,2024,BMW,i4 eDrive40,https://bestev4me.eu/ev-catalog/2199/bmw-i4-edrive40-2024
515.0,18.4,95.0,11,2.8,96990,ZDA,2019,Tesla,Model S Performance,https://bestev4me.eu/ev-catalog/1207/tesla-model-s-performance-2019
515.0,17.6,90.6,8,5.9,74149,Nemčija,2025,Mercedes-Benz,EQE 350 4MATIC,https://bestev4me.eu/ev-catalog/3241/mercedes-benz-eqe-350-4matic-2025
515.0,15.3,79.0,8,3.4,59470,ZDA,2025,Tesla,Model 3 Performance,https://bestev4me.eu/ev-catalog/3332/tesla-model-3-performance-2025
515.0,21.8,112.4,9,4.5,395060,Združeno kraljestvo,2026,Rolls-Royce,Spectre Series II,https://bestev4me.eu/ev-catalog/3650/rolls-royce-spectre-series-ii-2026
510.0,19.0,97.0,5,3.8,126400,Nemčija,2024,Porsche,Taycan 4S Cross Turismo,https://bestev4me.eu/ev-catalog/2111/porsche-taycan-4s-cross-turismo-2024
525.0,17.3,90.6,8,6.4,70626,Nemčija,2022,Mercedes-Benz,EQE 350,https://bestev4me.eu/ev-catalog/1714/mercedes-benz-eqe-350-2022
510.0,19.9,101.7,9,4.7,139900,Nemčija,2022,BMW,i7 xDrive60,https://bestev4me.eu/ev-catalog/1676/bmw-i7-xdrive60-2022
510.0,15.3,78.0,10,7.7,47140,Južna Koreja,2025,Kia,EV4 Fastback 81.4 kWh,https://bestev4me.eu/ev-catalog/3122/kia-ev4-fastback-814-kwh-2025
510.0,17.5,89.0,10,6.3,74149,Nemčija,2023,Mercedes-Benz,EQE 350 4MATIC,https://bestev4me.eu/ev-catalog/1899/mercedes-benz-eqe-350-4matic-2023
510.0,19.0,97.0,5,4.7,113100,Nemčija,2024,Porsche,Taycan 4 Cross Turismo,https://bestev4me.eu/ev-catalog/2110/porsche-taycan-4-cross-turismo-2024
510.0,19.0,97.0,5,3.7,127322,Nemčija,2024,Porsche,Taycan 4S Plus Sport Turismo,https://bestev4me.eu/ev-catalog/2107/porsche-taycan-4s-plus-sport-turismo-2024
510.0,18.6,94.9,7,6.6,71200,Nemčija,2024,Audi,Q6 Sportback e-tron performance,https://bestev4me.eu/ev-catalog/3042/audi-q6-sportback-e-tron-performance-2024
505.0,21.2,107.0,10,5.9,91700,Švedska,2022,Volvo,EX90 Twin Motor,https://bestev4me.eu/ev-catalog/1775/volvo-ex90-twin-motor-2022
505.0,15.4,78.0,10,7.7,43240,Južna Koreja,2026,Kia,EV4 Hatchback 81.4 kWh,https://bestev4me.eu/ev-catalog/3669/kia-ev4-hatchback-814-kwh-2026
505.0,19.2,97.0,5,2.4,210800,Nemčija,2024,Porsche,Taycan Turbo S Sport Turismo,https://bestev4me.eu/ev-catalog/2109/porsche-taycan-turbo-s-sport-turismo-2024
505.0,17.4,88.0,7,6.6,71990,Švedska,2025,Volvo,ES90 Single Motor,https://bestev4me.eu/ev-catalog/3128/volvo-es90-single-motor-2025
505.0,15.4,78.0,10,7.7,43240,Južna Koreja,2025,Kia,EV4 Hatchback 81.4 kWh,https://bestev4me.eu/ev-catalog/3124/kia-ev4-hatchback-814-kwh-2025
505.0,18.6,94.0,9,7.2,60950,Kitajska,2023,Zeekr,001 Long Range RWD,https://bestev4me.eu/ev-catalog/1933/zeekr-001-long-range-rwd-2023
505.0,17.9,90.6,8,4.4,84764,Nemčija,2025,Mercedes-Benz,EQE 500 4MATIC,https://bestev4me.eu/ev-catalog/3242/mercedes-benz-eqe-500-4matic-2025
505.0,17.9,90.6,9,6.3,73363,Nemčija,2022,Mercedes-Benz,EQE 350 4MATIC,https://bestev4me.eu/ev-catalog/1715/mercedes-benz-eqe-350-4matic-2022
505.0,21.0,106.0,10,5.6,87300,Nemčija,2022,Audi,Q8 SUV e-tron 55 quattro,https://bestev4me.eu/ev-catalog/1770/audi-q8-suv-e-tron-55-quattro-2022
505.0,17.9,90.6,9,4.7,87286,Nemčija,2022,Mercedes-Benz,EQE 500 4MATIC,https://bestev4me.eu/ev-catalog/1716/mercedes-benz-eqe-500-4matic-2022
505.0,17.8,90.0,12,3.8,90900,Kitajska,2022,NIO,ET7 Long Range,https://bestev4me.eu/ev-catalog/1752/nio-et7-long-range-2022
505.0,17.9,90.6,8,4.7,88215,Nemčija,2024,Mercedes-Benz,EQE 500 4MATIC,https://bestev4me.eu/ev-catalog/2207/mercedes-benz-eqe-500-4matic-2024
505.0,21.0,106.0,7,9.4,68500,Južna Koreja,2025,Hyundai,IONIQ 9 Long Range RWD,https://bestev4me.eu/ev-catalog/3067/hyundai-ioniq-9-long-range-rwd-2025
505.0,19.2,97.0,5,3.3,148600,Nemčija,2024,Porsche,Taycan GTS Sport Turismo,https://bestev4me.eu/ev-catalog/3063/porsche-taycan-gts-sport-turismo-2024
505.0,20.2,102.0,7,4.7,87900,Švedska,2025,Polestar,3 Dual Motor,https://bestev4me.eu/ev-catalog/3327/polestar-3-dual-motor-2025
505.0,20.8,105.2,10,4.6,100100,Nemčija,2021,BMW,iX xDrive50,https://bestev4me.eu/ev-catalog/1473/bmw-ix-xdrive50-2021
500.0,17.2,86.0,9,7.1,57900,Češka,2026,Skoda,Peaq 90,https://bestev4me.eu/ev-catalog/3659/skoda-peaq-90-2026
500.0,18.8,94.0,7,4.3,71281,Nemčija,2025,Mercedes-Benz,GLC 400 4MATIC,https://bestev4me.eu/ev-catalog/3296/mercedes-benz-glc-400-4matic-2025
500.0,19.4,97.2,10,5.4,66600,Francija,2026,DS,N°7 AWD Long Range,https://bestev4me.eu/ev-catalog/3625/ds-n7-awd-long-range-2026
500.0,19.4,96.9,10,8.7,52850,Francija,2024,Peugeot,e-3008 97 kWh Long Range,https://bestev4me.eu/ev-catalog/2005/peugeot-e-3008-97-kwh-long-range-2024
500.0,19.3,96.5,5,5.4,58000,Kitajska,2025,MG,IM6 Long Range,https://bestev4me.eu/ev-catalog/3247/mg-im6-long-range-2025
500.0,17.2,86.0,8,5.5,63265,Nemčija,2025,Volkswagen,ID.7 GTX,https://bestev4me.eu/ev-catalog/3258/volkswagen-id7-gtx-2025
500.0,18.2,91.0,6,4.6,65990,Švedska,2026,Volvo,EX60 P10 AWD,https://bestev4me.eu/ev-catalog/3442/volvo-ex60-p10-awd-2026
500.0,21.3,106.5,10,4.2,58900,ZDA,2023,Fisker,Ocean Ultra,https://bestev4me.eu/ev-catalog/1710/fisker-ocean-ultra-2023
500.0,17.2,86.0,9,5.5,64635,Nemčija,2026,Volkswagen,ID.7 Tourer GTX,https://bestev4me.eu/ev-catalog/3605/volkswagen-id7-tourer-gtx-2026
500.0,17.2,86.0,9,5.4,63835,Nemčija,2026,Volkswagen,ID.7 GTX,https://bestev4me.eu/ev-catalog/3601/volkswagen-id7-gtx-2026
500.0,19.2,96.0,5,6.0,58950,Kitajska,2025,Zeekr,7X Long Range RWD,https://bestev4me.eu/ev-catalog/3082/zeekr-7x-long-range-rwd-2025
500.0,17.2,86.0,8,5.5,63955,Nemčija,2024,Volkswagen,ID.7 Tourer GTX,https://bestev4me.eu/ev-catalog/2158/volkswagen-id7-tourer-gtx-2024
500.0,16.5,82.6,6,5.9,63400,Nemčija,2026,BMW,iX3 40,https://bestev4me.eu/ev-catalog/3505/bmw-ix3-40-2026
500.0,21.7,108.4,8,6.7,110801,Nemčija,2022,Mercedes-Benz,EQS SUV 450+,https://bestev4me.eu/ev-catalog/1673/mercedes-benz-eqs-suv-450-2022
500.0,18.0,90.0,12,4.0,68500,Kitajska,2022,NIO,ET5 Long Range,https://bestev4me.eu/ev-catalog/1787/nio-et5-long-range-2022
500.0,19.0,94.9,7,5.1,77100,Nemčija,2026,Audi,Q6 Sportback e-tron quattro,https://bestev4me.eu/ev-catalog/3488/audi-q6-sportback-e-tron-quattro-2026
500.0,17.2,86.0,8,5.4,63155,Nemčija,2024,Volkswagen,ID.7 GTX,https://bestev4me.eu/ev-catalog/2216/volkswagen-id7-gtx-2024
500.0,21.8,108.9,10,3.8,124900,Nemčija,2025,BMW,iX M70 xDrive,https://bestev4me.eu/ev-catalog/3111/bmw-ix-m70-xdrive-2025
500.0,19.0,94.9,7,5.9,77100,Nemčija,2024,Audi,Q6 Sportback e-tron quattro,https://bestev4me.eu/ev-catalog/3043/audi-q6-sportback-e-tron-quattro-2024
495.0,19.0,94.0,9,7.1,61900,Švedska,2026,Polestar,4 Coupé Rear Motor,https://bestev4me.eu/ev-catalog/3606/polestar-4-coupe-rear-motor-2026
495.0,19.0,94.0,9,7.4,63200,Švedska,2024,Polestar,4 Long Range Single Motor,https://bestev4me.eu/ev-catalog/1841/polestar-4-long-range-single-motor-2024
495.0,14.9,74.0,5,7.4,54000,Južna Koreja,2022,Hyundai,IONIQ 6 Long Range 2WD,https://bestev4me.eu/ev-catalog/1718/hyundai-ioniq-6-long-range-2wd-2022
495.0,22.0,109.0,6,4.5,96990,Združeno kraljestvo,2023,Lotus,Eletre,https://bestev4me.eu/ev-catalog/1767/lotus-eletre-2023
495.0,16.0,79.0,10,5.6,50970,ZDA,2025,Tesla,Model Y Premium RWD,https://bestev4me.eu/ev-catalog/3476/tesla-model-y-premium-rwd-2025
495.0,19.2,94.9,7,4.3,96200,Nemčija,2024,Audi,SQ6 Sportback e-tron,https://bestev4me.eu/ev-catalog/3044/audi-sq6-sportback-e-tron-2024
495.0,19.2,94.9,7,5.7,81200,Nemčija,2025,Porsche,Macan Electric,https://bestev4me.eu/ev-catalog/3378/porsche-macan-electric-2025
495.0,16.4,81.3,9,5.1,64100,Nemčija,2025,BMW,i4 xDrive40,https://bestev4me.eu/ev-catalog/3206/bmw-i4-xdrive40-2025
495.0,22.0,109.0,6,4.5,99990,Združeno kraljestvo,2025,Lotus,Eletre 600,https://bestev4me.eu/ev-catalog/3216/lotus-eletre-600-2025
495.0,16.6,82.3,6,4.8,101500,Nemčija,2024,Porsche,Taycan,https://bestev4me.eu/ev-catalog/2098/porsche-taycan-2024
495.0,21.8,108.0,5,2.5,165500,Nemčija,2025,Porsche,Cayenne Turbo Electric,https://bestev4me.eu/ev-catalog/3399/porsche-cayenne-turbo-electric-2025
495.0,15.2,75.0,8,5.9,,ZDA,2023,Tesla,Model 3 Long Range RWD,https://bestev4me.eu/ev-catalog/1976/tesla-model-3-long-range-rwd-2023
495.0,19.2,94.9,7,5.7,80700,Nemčija,2024,Porsche,Macan Electric,https://bestev4me.eu/ev-catalog/2083/porsche-macan-electric-2024
495.0,20.9,103.5,8,6.3,,Kitajska,2025,Hongqi,E-HS7 111 kWh Long Range,https://bestev4me.eu/ev-catalog/3264/hongqi-e-hs7-111-kwh-long-range-2025
490.0,20.8,101.7,9,3.7,181800,Nemčija,2023,BMW,i7 M70 xDrive,https://bestev4me.eu/ev-catalog/1838/bmw-i7-m70-xdrive-2023
490.0,17.3,85.0,10,7.5,40118,Turčija,2025,TOGG,T10F Long Range RWD,https://bestev4me.eu/ev-catalog/3305/togg-t10f-long-range-rwd-2025
490.0,22.1,108.4,9,5.2,124545,Nemčija,2022,Mercedes-Benz,EQS SUV 500 4MATIC,https://bestev4me.eu/ev-catalog/1795/mercedes-benz-eqs-suv-500-4matic-2022
490.0,19.8,96.9,10,8.8,51750,Nemčija,2025,Opel,Grandland Electric 97 kWh,https://bestev4me.eu/ev-catalog/3364/opel-grandland-electric-97-kwh-2025
490.0,17.6,86.0,9,6.7,60400,Češka,2026,Skoda,Peaq 90x,https://bestev4me.eu/ev-catalog/3660/skoda-peaq-90x-2026
490.0,19.4,95.0,9,3.9,115970,ZDA,2025,Tesla,Model X AWD,https://bestev4me.eu/ev-catalog/3385/tesla-model-x-awd-2025
490.0,22.1,108.4,9,6.0,114609,Nemčija,2022,Mercedes-Benz,EQS SUV 450 4MATIC,https://bestev4me.eu/ev-catalog/1674/mercedes-benz-eqs-suv-450-4matic-2022
490.0,15.3,75.0,8,3.4,58470,ZDA,2024,Tesla,Model 3 Performance,https://bestev4me.eu/ev-catalog/2188/tesla-model-3-performance-2024
490.0,15.5,76.0,8,4.4,55260,ZDA,2021,Tesla,Model 3 Long Range AWD,https://bestev4me.eu/ev-catalog/1525/tesla-model-3-long-range-awd-2021
490.0,16.8,82.3,6,4.6,106200,Nemčija,2024,Porsche,Taycan 4,https://bestev4me.eu/ev-catalog/3060/porsche-taycan-4-2024
490.0,18.6,91.0,6,4.7,68990,Švedska,2027,Volvo,EX60 Cross Country P10 AWD,https://bestev4me.eu/ev-catalog/3444/volvo-ex60-cross-country-p10-awd-2027
490.0,18.4,90.0,8,5.1,76180,Južna Koreja,2025,Genesis,G80 Electrified,https://bestev4me.eu/ev-catalog/3238/genesis-g80-electrified-2025
490.0,19.7,96.5,5,3.2,58000,Kitajska,2025,MG,IM5 Performance,https://bestev4me.eu/ev-catalog/3246/mg-im5-performance-2025
490.0,24.1,118.0,10,4.4,200634,Nemčija,2024,Mercedes-Benz,EQS SUV Maybach 680,https://bestev4me.eu/ev-catalog/2086/mercedes-benz-eqs-suv-maybach-680-2024
490.0,18.8,92.2,4,6.4,63600,Kitajska,2025,XPENG,G9 RWD Long Range,https://bestev4me.eu/ev-catalog/3278/xpeng-g9-rwd-long-range-2025
490.0,15.9,78.0,10,6.5,48730,Južna Koreja,2026,Kia,EV4 Hatchback 81.4 kWh AWD,https://bestev4me.eu/ev-catalog/3667/kia-ev4-hatchback-814-kwh-awd-2026
485.0,19.4,94.0,10,3.8,69900,Švedska,2026,Polestar,4 Coupé Dual Motor,https://bestev4me.eu/ev-catalog/3607/polestar-4-coupe-dual-motor-2026
485.0,16.3,79.0,9,7.0,45990,Španija,2026,CUPRA,Born 170 kW - 79 kWh,https://bestev4me.eu/ev-catalog/3512/cupra-born-170-kw-79-kwh-2026
485.0,21.7,105.2,10,3.8,136100,Nemčija,2022,BMW,iX M60,https://bestev4me.eu/ev-catalog/1590/bmw-ix-m60-2022
490.0,15.5,76.0,8,4.4,55260,ZDA,2021,Tesla,Model 3 Long Range AWD,https://bestev4me.eu/ev-catalog/1591/tesla-model-3-long-range-awd-2021
485.0,22.4,108.4,9,4.6,135434,Nemčija,2022,Mercedes-Benz,EQS SUV 580 4MATIC,https://bestev4me.eu/ev-catalog/1675/mercedes-benz-eqs-suv-580-4matic-2022
485.0,22.1,107.0,10,4.9,96800,Švedska,2022,Volvo,EX90 Twin Motor Performance,https://bestev4me.eu/ev-catalog/1776/volvo-ex90-twin-motor-performance-2022
485.0,17.3,83.7,6,5.4,98863,Nemčija,2023,Porsche,Taycan Plus,https://bestev4me.eu/ev-catalog/1924/porsche-taycan-plus-2023
485.0,19.6,95.0,9,3.9,115970,ZDA,2023,Tesla,Model X Dual Motor,https://bestev4me.eu/ev-catalog/1407/tesla-model-x-dual-motor-2023
485.0,19.6,95.0,13,4.3,108420,ZDA,2017,Tesla,Model S 100D,https://bestev4me.eu/ev-catalog/1088/tesla-model-s-100d-2017
485.0,19.8,96.0,5,3.8,65950,Kitajska,2025,Zeekr,7X Privilege AWD,https://bestev4me.eu/ev-catalog/3083/zeekr-7x-privilege-awd-2025
485.0,18.6,90.0,9,4.0,68500,Kitajska,2023,NIO,ET5 Touring Long Range,https://bestev4me.eu/ev-catalog/1916/nio-et5-touring-long-range-2023
485.0,20.0,96.9,10,8.8,49690,Francija,2025,Citroen,C5 Aircross Long Range,https://bestev4me.eu/ev-catalog/3231/citroen-c5-aircross-long-range-2025
485.0,20.0,96.9,10,9.6,55350,Francija,2024,Peugeot,e-5008 97 kWh Long Range,https://bestev4me.eu/ev-catalog/2151/peugeot-e-5008-97-kwh-long-range-2024
485.0,20.0,97.0,5,2.5,211300,Nemčija,2024,Porsche,Taycan Turbo S Cross Turismo,https://bestev4me.eu/ev-catalog/2113/porsche-taycan-turbo-s-cross-turismo-2024
485.0,20.6,100.0,10,8.4,83700,Švedska,2023,Volvo,EX90 Single Motor,https://bestev4me.eu/ev-catalog/1950/volvo-ex90-single-motor-2023
480.0,16.2,78.0,15,7.8,46500,Japonska,2025,Mazda,6e Long Range 80 kWh,https://bestev4me.eu/ev-catalog/3108/mazda-6e-long-range-80-kwh-2025
480.0,20.8,100.0,17,4.4,,Kitajska,2023,Voyah,Free 106 kWh,https://bestev4me.eu/ev-catalog/2049/voyah-free-106-kwh-2023
480.0,22.7,109.0,6,4.5,121990,Združeno kraljestvo,2023,Lotus,Eletre S,https://bestev4me.eu/ev-catalog/2066/lotus-eletre-s-2023
480.0,20.4,98.0,11,4.6,90990,ZDA,2020,Tesla,Model X Long Range Plus,https://bestev4me.eu/ev-catalog/1325/tesla-model-x-long-range-plus-2020
480.0,18.1,87.0,12,7.9,47900,Francija,2025,Renault,Scenic E-Tech EV87 220hp,https://bestev4me.eu/ev-catalog/3219/renault-scenic-e-tech-ev87-220hp-2025
480.0,19.8,94.9,7,5.1,74700,Nemčija,2026,Audi,Q6 SUV e-tron quattro,https://bestev4me.eu/ev-catalog/3487/audi-q6-suv-e-tron-quattro-2026
480.0,18.1,87.0,12,7.9,48900,Francija,2023,Renault,Scenic E-Tech EV87 220hp,https://bestev4me.eu/ev-catalog/2069/renault-scenic-e-tech-ev87-220hp-2023
480.0,19.0,91.0,11,5.9,58500,ZDA,2024,Ford,Mustang Mach-E ER RWD,https://bestev4me.eu/ev-catalog/2278/ford-mustang-mach-e-er-rwd-2024
480.0,17.2,82.5,11,5.9,49990,Kitajska,2026,BYD,SEAL 82.5 kWh RWD Design,https://bestev4me.eu/ev-catalog/3515/byd-seal-825-kwh-rwd-design-2026
480.0,18.2,87.5,7,6.7,47600,Kitajska,2024,XPENG,G6 RWD Long Range,https://bestev4me.eu/ev-catalog/2182/xpeng-g6-rwd-long-range-2024
480.0,16.9,81.2,9,6.0,70200,Nemčija,2025,BMW,i5 eDrive40 Sedan,https://bestev4me.eu/ev-catalog/3112/bmw-i5-edrive40-sedan-2025
480.0,19.0,91.0,15,7.0,62950,ZDA,2022,Ford,Mustang Mach-E ER RWD,https://bestev4me.eu/ev-catalog/1669/ford-mustang-mach-e-er-rwd-2022
480.0,19.0,91.0,11,7.0,58500,ZDA,2023,Ford,Mustang Mach-E ER RWD,https://bestev4me.eu/ev-catalog/2035/ford-mustang-mach-e-er-rwd-2023
480.0,19.0,91.0,15,7.0,62950,ZDA,2022,Ford,Mustang Mach-E ER RWD,https://bestev4me.eu/ev-catalog/1754/ford-mustang-mach-e-er-rwd-2022
480.0,22.3,107.0,10,4.7,88190,Švedska,2022,Polestar,3 Long Range Performance,https://bestev4me.eu/ev-catalog/1759/polestar-3-long-range-performance-2022
480.0,19.4,93.1,6,6.4,63600,Kitajska,2023,XPENG,G9 RWD Long Range,https://bestev4me.eu/ev-catalog/1825/xpeng-g9-rwd-long-range-2023
480.0,21.3,102.0,7,5.5,96190,Švedska,2025,Volvo,EX90 Twin Motor,https://bestev4me.eu/ev-catalog/3324/volvo-ex90-twin-motor-2025
480.0,18.1,87.0,12,7.9,47990,Japonska,2025,Mitsubishi,Eclipse Cross 87 kWh,https://bestev4me.eu/ev-catalog/3335/mitsubishi-eclipse-cross-87-kwh-2025
480.0,17.2,82.5,11,5.9,48990,Kitajska,2023,BYD,SEAL 82.5 kWh RWD Design,https://bestev4me.eu/ev-catalog/2001/byd-seal-825-kwh-rwd-design-2023
480.0,22.1,106.0,10,4.5,100350,Nemčija,2023,Audi,SQ8 Sportback e-tron,https://bestev4me.eu/ev-catalog/1774/audi-sq8-sportback-e-tron-2023
480.0,19.6,94.0,10,3.8,71950,Kitajska,2023,Zeekr,001 Privilege AWD,https://bestev4me.eu/ev-catalog/1935/zeekr-001-privilege-awd-2023
480.0,17.4,83.7,6,4.0,120081,Nemčija,2023,Porsche,Taycan 4S Plus,https://bestev4me.eu/ev-catalog/1926/porsche-taycan-4s-plus-2023
480.0,19.6,94.0,10,3.8,66950,Kitajska,2023,Zeekr,001 Performance AWD,https://bestev4me.eu/ev-catalog/1934/zeekr-001-performance-awd-2023
475.0,16.6,79.0,9,4.8,54970,ZDA,2025,Tesla,Model Y Premium AWD,https://bestev4me.eu/ev-catalog/3333/tesla-model-y-premium-awd-2025
475.0,16.6,79.0,10,6.2,52690,Švedska,2024,Polestar,2 Long Range Single Motor,https://bestev4me.eu/ev-catalog/2226/polestar-2-long-range-single-motor-2024
475.0,20.2,96.0,10,6.9,86811,Nemčija,2023,Mercedes-Benz,EQE SUV 350+,https://bestev4me.eu/ev-catalog/2046/mercedes-benz-eqe-suv-350-2023
475.0,16.6,79.0,10,5.6,50990,Španija,2026,CUPRA,Born VZ,https://bestev4me.eu/ev-catalog/3513/cupra-born-vz-2026
475.0,16.6,79.0,8,7.1,44025,Nemčija,2025,Volkswagen,ID.3 Pro S,https://bestev4me.eu/ev-catalog/3334/volkswagen-id3-pro-s-2025
475.0,18.4,87.5,7,4.1,51600,Kitajska,2024,XPENG,G6 AWD Performance,https://bestev4me.eu/ev-catalog/2183/xpeng-g6-awd-performance-2024
475.0,18.0,85.4,14,3.9,69020,Kitajska,2023,BYD,HAN,https://bestev4me.eu/ev-catalog/1784/byd-han-2023
475.0,19.4,92.2,4,4.2,72600,Kitajska,2025,XPENG,G9 AWD Performance,https://bestev4me.eu/ev-catalog/3279/xpeng-g9-awd-performance-2025
475.0,16.6,79.0,10,6.2,52690,Švedska,2025,Polestar,2 Long Range Single Motor,https://bestev4me.eu/ev-catalog/3151/polestar-2-long-range-single-motor-2025
475.0,20.2,96.0,6,6.5,55400,Nemčija,2025,Smart,#5 Premium,https://bestev4me.eu/ev-catalog/3143/smart-5-premium-2025
475.0,20.2,96.0,6,6.5,50900,Nemčija,2025,Smart,#5 Pro+,https://bestev4me.eu/ev-catalog/3142/smart-5-pro-2025
475.0,20.4,97.0,5,2.2,240000,Nemčija,2024,Porsche,Taycan Turbo GT Weissach,https://bestev4me.eu/ev-catalog/2145/porsche-taycan-turbo-gt-weissach-2024
475.0,20.4,97.0,5,2.3,240000,Nemčija,2024,Porsche,Taycan Turbo GT,https://bestev4me.eu/ev-catalog/2144/porsche-taycan-turbo-gt-2024
475.0,16.2,77.0,9,6.5,53995,Nemčija,2023,Volkswagen,ID.7 Pro,https://bestev4me.eu/ev-catalog/1839/volkswagen-id7-pro-2023
475.0,16.2,77.0,9,6.5,54505,Nemčija,2026,Volkswagen,ID.7 77 kWh,https://bestev4me.eu/ev-catalog/3599/volkswagen-id7-77-kwh-2026
475.0,17.6,83.7,6,5.4,94123,Nemčija,2021,Porsche,Taycan Plus,https://bestev4me.eu/ev-catalog/1394/porsche-taycan-plus-2021
475.0,15.5,73.5,8,5.3,,ZDA,2019,Tesla,Model 3 Long Range RWD,https://bestev4me.eu/ev-catalog/1100/tesla-model-3-long-range-rwd-2019
475.0,20.3,96.3,9,8.3,,ZDA,2026,Jeep,Compass Electric Long Range,https://bestev4me.eu/ev-catalog/3661/jeep-compass-electric-long-range-2026
475.0,20.0,95.0,13,2.7,145420,ZDA,2016,Tesla,Model S P100D,https://bestev4me.eu/ev-catalog/1075/tesla-model-s-p100d-2016
475.0,19.6,93.0,4,8.2,77600,Kitajska,2026,XPENG,X9 FWD Standard Range,https://bestev4me.eu/ev-catalog/3611/xpeng-x9-fwd-standard-range-2026
470.0,18.9,89.0,11,4.8,67500,Francija,2025,Alpine,A390 GT,https://bestev4me.eu/ev-catalog/3390/alpine-a390-gt-2025
470.0,15.7,74.0,12,7.2,47970,ZDA,2025,Tesla,Model Y Long Range RWD,https://bestev4me.eu/ev-catalog/3417/tesla-model-y-long-range-rwd-2025
470.0,17.3,81.2,9,6.0,70200,Nemčija,2023,BMW,i5 eDrive40 Sedan,https://bestev4me.eu/ev-catalog/1906/bmw-i5-edrive40-sedan-2023
470.0,20.2,94.9,8,4.1,91200,Nemčija,2025,Porsche,Macan 4S Electric,https://bestev4me.eu/ev-catalog/3380/porsche-macan-4s-electric-2025
470.0,18.9,89.0,9,3.9,78000,Francija,2026,Alpine,A390 GTS,https://bestev4me.eu/ev-catalog/3391/alpine-a390-gts-2026
470.0,16.4,77.0,9,6.6,54905,Nemčija,2025,Volkswagen,ID.7 Tourer Pro,https://bestev4me.eu/ev-catalog/3259/volkswagen-id7-tourer-pro-2025
470.0,22.0,103.5,8,3.9,,Kitajska,2025,Hongqi,E-HS7 111 kWh AWD Pro,https://bestev4me.eu/ev-catalog/3265/hongqi-e-hs7-111-kwh-awd-pro-2025
470.0,16.8,79.0,8,5.4,60850,Češka,2025,Skoda,Enyaq Coupe RS,https://bestev4me.eu/ev-catalog/3377/skoda-enyaq-coupe-rs-2025
470.0,20.2,94.9,8,5.2,84600,Nemčija,2025,Porsche,Macan 4 Electric,https://bestev4me.eu/ev-catalog/3379/porsche-macan-4-electric-2025
470.0,16.8,79.0,10,6.4,,ZDA,2026,Ford,Capri Extended Range RWD,https://bestev4me.eu/ev-catalog/3648/ford-capri-extended-range-rwd-2026
470.0,16.8,79.0,8,7.1,47350,Španija,2025,CUPRA,Born 170 kW - 79 kWh,https://bestev4me.eu/ev-catalog/3263/cupra-born-170-kw-79-kwh-2025
470.0,16.8,79.0,8,5.4,60850,Češka,2025,Skoda,Enyaq Coupe RS,https://bestev4me.eu/ev-catalog/3185/skoda-enyaq-coupe-rs-2025
470.0,16.8,79.0,8,5.9,47225,Nemčija,2024,Volkswagen,ID.3 GTX,https://bestev4me.eu/ev-catalog/2152/volkswagen-id3-gtx-2024
470.0,20.2,94.9,8,4.3,93800,Nemčija,2024,Audi,SQ6 SUV e-tron,https://bestev4me.eu/ev-catalog/2147/audi-sq6-suv-e-tron-2024
470.0,16.4,77.0,9,6.6,55305,Nemčija,2026,Volkswagen,ID.7 Tourer 77 kWh,https://bestev4me.eu/ev-catalog/3603/volkswagen-id7-tourer-77-kwh-2026
470.0,16.8,79.0,10,6.4,,ZDA,2026,Ford,Capri Extended Range RWD,https://bestev4me.eu/ev-catalog/3452/ford-capri-extended-range-rwd-2026
470.0,20.9,98.0,11,3.1,107990,ZDA,2020,Tesla,Model X Performance,https://bestev4me.eu/ev-catalog/1326/tesla-model-x-performance-2020
470.0,16.4,77.0,9,6.6,54795,Nemčija,2024,Volkswagen,ID.7 Tourer Pro,https://bestev4me.eu/ev-catalog/2118/volkswagen-id7-tourer-pro-2024
470.0,20.2,94.9,8,5.2,84100,Nemčija,2024,Porsche,Macan 4 Electric,https://bestev4me.eu/ev-catalog/2084/porsche-macan-4-electric-2024
470.0,16.4,77.0,8,7.9,,Japonska,2026,Mazda,6e 78 kWh,https://bestev4me.eu/ev-catalog/3466/mazda-6e-78-kwh-2026
470.0,16.2,76.0,8,3.6,59560,ZDA,2020,Tesla,Model 3 Performance,https://bestev4me.eu/ev-catalog/1322/tesla-model-3-performance-2020
465.0,20.7,96.1,9,5.4,54900,ZDA,2026,Jeep,Compass Electric 4xe,https://bestev4me.eu/ev-catalog/3662/jeep-compass-electric-4xe-2026
465.0,20.4,94.9,8,3.3,114600,Nemčija,2024,Porsche,Macan Turbo Electric,https://bestev4me.eu/ev-catalog/2085/porsche-macan-turbo-electric-2024
465.0,17.5,81.3,9,3.7,72900,Nemčija,2025,BMW,i4 M60 xDrive,https://bestev4me.eu/ev-catalog/3207/bmw-i4-m60-xdrive-2025
465.0,21.9,102.0,12,4.5,379015,Združeno kraljestvo,2023,Rolls-Royce,Spectre,https://bestev4me.eu/ev-catalog/1765/rolls-royce-spectre-2023
465.0,17.0,79.0,10,6.7,49455,Nemčija,2026,Volkswagen,ID.5 Pro,https://bestev4me.eu/ev-catalog/3500/volkswagen-id5-pro-2026
465.0,16.3,75.8,7,6.0,64450,Nemčija,2024,Audi,A6 Avant e-tron,https://bestev4me.eu/ev-catalog/3055/audi-a6-avant-e-tron-2024
465.0,20.4,94.9,8,3.8,104200,Nemčija,2025,Porsche,Macan GTS Electric,https://bestev4me.eu/ev-catalog/3381/porsche-macan-gts-electric-2025
465.0,20.4,95.0,10,2.9,125970,ZDA,2022,Tesla,Model X Plaid,https://bestev4me.eu/ev-catalog/1408/tesla-model-x-plaid-2022
465.0,18.3,85.0,6,7.4,59048,Nemčija,2025,Mercedes-Benz,GLB 250+,https://bestev4me.eu/ev-catalog/3406/mercedes-benz-glb-250-2025
465.0,20.4,94.9,8,3.3,115500,Nemčija,2025,Porsche,Macan Turbo Electric,https://bestev4me.eu/ev-catalog/3382/porsche-macan-turbo-electric-2025
465.0,20.0,93.1,6,3.9,71600,Kitajska,2023,XPENG,G9 AWD Performance,https://bestev4me.eu/ev-catalog/1826/xpeng-g9-awd-performance-2023
465.0,17.5,81.2,9,5.4,75600,Nemčija,2025,BMW,i5 xDrive40 Sedan,https://bestev4me.eu/ev-catalog/3113/bmw-i5-xdrive40-sedan-2025
465.0,18.3,85.0,11,4.1,48600,Turčija,2025,TOGG,T10F Long Range AWD,https://bestev4me.eu/ev-catalog/3306/togg-t10f-long-range-awd-2025
465.0,16.6,77.0,10,6.3,55950,Češka,2026,Skoda,Enyaq Coupe 85x,https://bestev4me.eu/ev-catalog/3575/skoda-enyaq-coupe-85x-2026
465.0,21.3,98.9,4,2.8,145990,Združeno kraljestvo,2025,Lotus,Emeya 900,https://bestev4me.eu/ev-catalog/3215/lotus-emeya-900-2025
465.0,17.0,79.0,8,5.6,48725,Nemčija,2024,Volkswagen,ID.3 GTX Performance,https://bestev4me.eu/ev-catalog/2153/volkswagen-id3-gtx-performance-2024
465.0,18.3,85.0,8,5.9,64736,Nemčija,2026,Mercedes-Benz,GLC 250,https://bestev4me.eu/ev-catalog/3653/mercedes-benz-glc-250-2026
465.0,15.5,72.0,9,4.4,53560,ZDA,2020,Tesla,Model 3 Long Range AWD,https://bestev4me.eu/ev-catalog/1321/tesla-model-3-long-range-awd-2020
465.0,17.0,79.0,8,5.6,52870,Španija,2024,CUPRA,Born VZ,https://bestev4me.eu/ev-catalog/2128/cupra-born-vz-2024
465.0,21.3,98.9,4,2.8,150990,Združeno kraljestvo,2024,Lotus,Emeya R,https://bestev4me.eu/ev-catalog/2143/lotus-emeya-r-2024
460.0,20.9,96.0,6,4.9,56900,Nemčija,2025,Smart,#5 Summit Edition,https://bestev4me.eu/ev-catalog/3145/smart-5-summit-edition-2025
460.0,17.2,79.0,9,3.8,63970,ZDA,2025,Tesla,Model Y Performance,https://bestev4me.eu/ev-catalog/3269/tesla-model-y-performance-2025
460.0,18.0,82.7,9,4.1,58600,Kitajska,2023,XPENG,P7 AWD Performance,https://bestev4me.eu/ev-catalog/1822/xpeng-p7-awd-performance-2023
460.0,24.3,112.0,15,4.9,102995,Kitajska,2023,Hongqi,E-HS9 120 kWh,https://bestev4me.eu/ev-catalog/2050/hongqi-e-hs9-120-kwh-2023
460.0,16.3,75.1,10,7.6,41200,Japonska,2025,Nissan,LEAF Extended Range 75 kWh,https://bestev4me.eu/ev-catalog/3366/nissan-leaf-extended-range-75-kwh-2025
460.0,17.2,79.0,9,5.4,58600,Češka,2025,Skoda,Enyaq RS,https://bestev4me.eu/ev-catalog/3375/skoda-enyaq-rs-2025
460.0,16.7,77.0,9,6.7,53750,Češka,2025,Skoda,Enyaq Coupe 85x,https://bestev4me.eu/ev-catalog/3376/skoda-enyaq-coupe-85x-2025
460.0,23.7,108.8,15,4.9,69615,Kitajska,2024,BYD,TANG Flagship,https://bestev4me.eu/ev-catalog/2095/byd-tang-flagship-2024
460.0,22.2,102.0,9,5.3,83000,ZDA,2024,Cadillac,LYRIQ 600 E4,https://bestev4me.eu/ev-catalog/2243/cadillac-lyriq-600-e4-2024
460.0,18.2,83.7,6,4.0,114389,Nemčija,2020,Porsche,Taycan 4S Plus,https://bestev4me.eu/ev-catalog/1238/porsche-taycan-4s-plus-2020
460.0,16.3,75.0,9,3.6,57668,ZDA,2022,Tesla,Model 3 Performance,https://bestev4me.eu/ev-catalog/1620/tesla-model-3-performance-2022
460.0,17.2,79.0,9,5.4,58600,Češka,2025,Skoda,Enyaq RS,https://bestev4me.eu/ev-catalog/3184/skoda-enyaq-rs-2025
460.0,19.3,89.0,7,4.2,94900,ZDA,2025,Lucid,Gravity Touring,https://bestev4me.eu/ev-catalog/3291/lucid-gravity-touring-2025
460.0,16.7,77.0,9,7.0,47250,Španija,2024,CUPRA,Born 170 kW - 77 kWh,https://bestev4me.eu/ev-catalog/2234/cupra-born-170-kw-77-kwh-2024
460.0,16.7,77.0,10,5.4,61600,Češka,2026,Skoda,Enyaq Coupe RS,https://bestev4me.eu/ev-catalog/3576/skoda-enyaq-coupe-rs-2026
460.0,16.7,77.0,9,6.7,51150,Češka,2023,Skoda,Enyaq Coupe 85,https://bestev4me.eu/ev-catalog/2024/skoda-enyaq-coupe-85-2023
455.0,16.9,77.0,9,7.9,47595,Nemčija,2023,Volkswagen,ID.3 Pro S - 4 Seats,https://bestev4me.eu/ev-catalog/1832/volkswagen-id3-pro-s-4-seats-2023
455.0,16.2,73.5,8,4.6,55480,ZDA,2019,Tesla,Model 3 Long Range AWD,https://bestev4me.eu/ev-catalog/1138/tesla-model-3-long-range-awd-2019
455.0,18.7,85.0,8,4.7,68306,Nemčija,2026,Mercedes-Benz,GLC 300 4MATIC,https://bestev4me.eu/ev-catalog/3654/mercedes-benz-glc-300-4matic-2026
455.0,21.1,96.0,10,4.7,99841,Nemčija,2025,Mercedes-Benz,EQE SUV 500 4MATIC,https://bestev4me.eu/ev-catalog/3286/mercedes-benz-eqe-suv-500-4matic-2025
455.0,24.0,109.0,7,2.9,145990,Združeno kraljestvo,2025,Lotus,Eletre 900,https://bestev4me.eu/ev-catalog/3217/lotus-eletre-900-2025
455.0,16.5,75.0,9,4.3,61970,ZDA,2025,Tesla,Model Y Long Range AWD Launch Series,https://bestev4me.eu/ev-catalog/3106/tesla-model-y-long-range-awd-launch-series-2025
455.0,16.9,77.0,9,6.6,53400,Češka,2023,Skoda,Enyaq Coupe 85x,https://bestev4me.eu/ev-catalog/2025/skoda-enyaq-coupe-85x-2023
455.0,16.5,75.0,9,4.8,52990,ZDA,2025,Tesla,Model Y Long Range AWD,https://bestev4me.eu/ev-catalog/3104/tesla-model-y-long-range-awd-2025
455.0,17.4,79.0,11,4.5,56990,Švedska,2025,Polestar,2 Long Range Dual Motor,https://bestev4me.eu/ev-catalog/3152/polestar-2-long-range-dual-motor-2025
455.0,21.1,96.0,10,4.9,99841,Nemčija,2023,Mercedes-Benz,EQE SUV 500 4MATIC,https://bestev4me.eu/ev-catalog/2048/mercedes-benz-eqe-suv-500-4matic-2023
455.0,16.9,77.0,9,6.7,48900,Češka,2025,Skoda,Enyaq 85,https://bestev4me.eu/ev-catalog/3097/skoda-enyaq-85-2025
455.0,16.9,77.0,9,6.4,50911,ZDA,2024,Ford,Capri Extended Range RWD,https://bestev4me.eu/ev-catalog/2241/ford-capri-extended-range-rwd-2024
455.0,18.2,82.7,9,4.1,69600,Kitajska,2023,XPENG,P7 Wing Edition,https://bestev4me.eu/ev-catalog/1823/xpeng-p7-wing-edition-2023
455.0,17.4,79.0,9,5.4,53050,Češka,2025,Skoda,Elroq RS,https://bestev4me.eu/ev-catalog/3373/skoda-elroq-rs-2025
455.0,16.9,77.0,9,6.7,51500,Češka,2025,Skoda,Enyaq 85x,https://bestev4me.eu/ev-catalog/3374/skoda-enyaq-85x-2025
455.0,19.9,90.6,10,3.5,109777,Nemčija,2022,Mercedes-Benz,EQE AMG 53 4MATIC+,https://bestev4me.eu/ev-catalog/1653/mercedes-benz-eqe-amg-53-4matic-2022
455.0,19.9,90.6,10,4.2,103827,Nemčija,2022,Mercedes-Benz,EQE AMG 43 4MATIC,https://bestev4me.eu/ev-catalog/1652/mercedes-benz-eqe-amg-43-4matic-2022
455.0,17.6,80.0,6,7.3,49990,Južna Koreja,2024,Kia,EV6 Long Range 2WD,https://bestev4me.eu/ev-catalog/3028/kia-ev6-long-range-2wd-2024
455.0,18.8,85.5,14,4.4,103320,ZDA,2016,Tesla,Model S 90D,https://bestev4me.eu/ev-catalog/1063/tesla-model-s-90d-2016
455.0,17.8,81.2,10,5.4,75600,Nemčija,2024,BMW,i5 xDrive40 Sedan,https://bestev4me.eu/ev-catalog/2096/bmw-i5-xdrive40-sedan-2024
455.0,17.6,80.0,6,5.9,62990,Švedska,2026,Volvo,EX60 P6,https://bestev4me.eu/ev-catalog/3441/volvo-ex60-p6-2026
455.0,17.4,79.0,9,5.3,54831,ZDA,2024,Ford,Capri Extended Range AWD,https://bestev4me.eu/ev-catalog/2242/ford-capri-extended-range-awd-2024
455.0,16.9,77.0,9,6.7,51270,Nemčija,2025,Volkswagen,ID.5 Pro,https://bestev4me.eu/ev-catalog/3254/volkswagen-id5-pro-2025
455.0,17.8,81.2,10,6.1,72200,Nemčija,2024,BMW,i5 eDrive40 Touring,https://bestev4me.eu/ev-catalog/2114/bmw-i5-edrive40-touring-2024
455.0,17.4,79.0,11,4.5,56990,Švedska,2024,Polestar,2 Long Range Dual Motor,https://bestev4me.eu/ev-catalog/2227/polestar-2-long-range-dual-motor-2024
455.0,17.1,78.0,11,7.7,41390,Južna Koreja,2024,Kia,EV3 Long Range,https://bestev4me.eu/ev-catalog/2212/kia-ev3-long-range-2024
455.0,23.3,106.0,11,4.5,98100,Nemčija,2023,Audi,SQ8 SUV e-tron,https://bestev4me.eu/ev-catalog/1773/audi-sq8-suv-e-tron-2023
455.0,24.0,109.0,7,2.9,151990,Združeno kraljestvo,2023,Lotus,Eletre R,https://bestev4me.eu/ev-catalog/1768/lotus-eletre-r-2023
455.0,16.5,75.0,9,5.9,49970,ZDA,2024,Tesla,Model Y Long Range RWD,https://bestev4me.eu/ev-catalog/2186/tesla-model-y-long-range-rwd-2024
450.0,20.1,90.6,9,6.7,86811,Nemčija,2022,Mercedes-Benz,EQE SUV 350+,https://bestev4me.eu/ev-catalog/1760/mercedes-benz-eqe-suv-350-2022
450.0,17.6,79.0,11,4.2,63490,Švedska,2025,Polestar,2 Long Range Performance,https://bestev4me.eu/ev-catalog/3153/polestar-2-long-range-performance-2025
450.0,21.3,96.0,8,9.4,64990,Južna Koreja,2023,Kia,EV9 99.8 kWh RWD,https://bestev4me.eu/ev-catalog/1834/kia-ev9-998-kwh-rwd-2023
450.0,17.8,80.0,6,7.5,51650,Južna Koreja,2024,Hyundai,IONIQ 5 84 kWh RWD,https://bestev4me.eu/ev-catalog/2236/hyundai-ioniq-5-84-kwh-rwd-2024
450.0,20.1,90.6,9,7.6,83479,Nemčija,2023,Mercedes-Benz,EQE SUV 300,https://bestev4me.eu/ev-catalog/2045/mercedes-benz-eqe-suv-300-2023
450.0,17.1,77.0,9,5.5,63300,Češka,2023,Skoda,Enyaq Coupe RS,https://bestev4me.eu/ev-catalog/2026/skoda-enyaq-coupe-rs-2023
450.0,17.1,77.0,9,6.7,48900,Češka,2023,Skoda,Enyaq 85,https://bestev4me.eu/ev-catalog/2020/skoda-enyaq-85-2023
450.0,19.3,87.0,16,7.6,53490,Japonska,2022,Nissan,Ariya 87kWh,https://bestev4me.eu/ev-catalog/1302/nissan-ariya-87kwh-2022
450.0,17.1,77.0,10,5.4,58900,Češka,2026,Skoda,Enyaq RS,https://bestev4me.eu/ev-catalog/3572/skoda-enyaq-rs-2026
450.0,17.1,77.0,10,6.3,53250,Češka,2026,Skoda,Enyaq 85x,https://bestev4me.eu/ev-catalog/3571/skoda-enyaq-85x-2026
450.0,18.1,81.3,9,3.9,72100,Nemčija,2024,BMW,i4 M50,https://bestev4me.eu/ev-catalog/2201/bmw-i4-m50-2024
450.0,20.1,90.6,9,4.2,104756,Nemčija,2024,Mercedes-Benz,EQE AMG 43 4MATIC,https://bestev4me.eu/ev-catalog/2208/mercedes-benz-eqe-amg-43-4matic-2024
450.0,20.1,90.6,9,3.5,110706,Nemčija,2024,Mercedes-Benz,EQE AMG 53 4MATIC+,https://bestev4me.eu/ev-catalog/2209/mercedes-benz-eqe-amg-53-4matic-2024
450.0,17.6,79.0,11,4.2,63490,Švedska,2024,Polestar,2 Long Range Performance,https://bestev4me.eu/ev-catalog/2228/polestar-2-long-range-performance-2024
450.0,17.1,77.0,10,6.8,54400,Španija,2026,CUPRA,Tavascan 210 kW - 77 kWh Endurance,https://bestev4me.eu/ev-catalog/3609/cupra-tavascan-210-kw-77-kwh-endurance-2026
450.0,17.6,79.0,9,8.5,48500,ZDA,2024,Ford,Explorer Extended Range RWD,https://bestev4me.eu/ev-catalog/3105/ford-explorer-extended-range-rwd-2024
455.0,16.9,77.0,9,6.7,51500,Češka,2025,Skoda,Enyaq 85x,https://bestev4me.eu/ev-catalog/3098/skoda-enyaq-85x-2025
450.0,17.6,79.0,11,4.5,52275,Švedska,2023,Polestar,2 Long Range Dual Motor,https://bestev4me.eu/ev-catalog/1819/polestar-2-long-range-dual-motor-2023
450.0,17.6,79.0,11,4.2,58775,Švedska,2023,Polestar,2 Long Range Performance,https://bestev4me.eu/ev-catalog/1820/polestar-2-long-range-performance-2023
450.0,17.1,77.0,11,7.9,41995,Nemčija,2020,Volkswagen,ID.3 Pro S,https://bestev4me.eu/ev-catalog/1203/volkswagen-id3-pro-s-2020
450.0,17.1,77.0,10,6.6,46390,Češka,2026,Skoda,Elroq 85,https://bestev4me.eu/ev-catalog/3566/skoda-elroq-85-2026
455.0,19.9,90.6,10,3.5,109777,Nemčija,2022,Mercedes-Benz,EQE AMG 53 4MATIC+,https://bestev4me.eu/ev-catalog/1902/mercedes-benz-eqe-amg-53-4matic-2022
450.0,20.1,90.6,10,4.2,104756,Nemčija,2023,Mercedes-Benz,EQE AMG 43 4MATIC,https://bestev4me.eu/ev-catalog/1901/mercedes-benz-eqe-amg-43-4matic-2023
455.0,17.4,79.0,9,5.4,53050,Češka,2025,Skoda,Elroq RS,https://bestev4me.eu/ev-catalog/3183/skoda-elroq-rs-2025
450.0,17.9,80.7,11,3.9,70800,Nemčija,2021,BMW,i4 M50,https://bestev4me.eu/ev-catalog/1519/bmw-i4-m50-2021
450.0,20.1,90.6,9,7.1,83479,Nemčija,2025,Mercedes-Benz,EQE SUV 300,https://bestev4me.eu/ev-catalog/3283/mercedes-benz-eqe-suv-300-2025
450.0,17.1,77.0,11,7.0,46450,Španija,2022,CUPRA,Born 170 kW - 77 kWh,https://bestev4me.eu/ev-catalog/1518/cupra-born-170-kw-77-kwh-2022
450.0,13.3,60.0,8,6.2,37970,ZDA,2025,Tesla,Model 3 RWD,https://bestev4me.eu/ev-catalog/3403/tesla-model-3-rwd-2025
450.0,17.8,80.0,4,6.7,47600,Kitajska,2025,XPENG,G6 RWD Long Range,https://bestev4me.eu/ev-catalog/3275/xpeng-g6-rwd-long-range-2025
450.0,17.1,77.0,11,7.9,56500,Nemčija,2021,Volkswagen,ID.3 Pro S - 4 Seats,https://bestev4me.eu/ev-catalog/1533/volkswagen-id3-pro-s-4-seats-2021
450.0,17.6,79.0,10,6.4,48900,ZDA,2026,Ford,Explorer Extended Range RWD,https://bestev4me.eu/ev-catalog/3454/ford-explorer-extended-range-rwd-2026
450.0,21.9,98.6,13,4.1,109230,Italija,2026,Maserati,Grecale Folgore,https://bestev4me.eu/ev-catalog/3464/maserati-grecale-folgore-2026
450.0,17.3,78.0,11,5.6,57840,Južna Koreja,2026,Kia,EV4 Hatchback 81.4 kWh GT,https://bestev4me.eu/ev-catalog/3672/kia-ev4-hatchback-814-kwh-gt-2026
450.0,17.1,77.0,11,7.9,43720,Nemčija,2021,Volkswagen,ID.3 Pro S - 5 Seats,https://bestev4me.eu/ev-catalog/1534/volkswagen-id3-pro-s-5-seats-2021
450.0,18.6,83.7,7,3.7,139906,Nemčija,2022,Porsche,Taycan GTS,https://bestev4me.eu/ev-catalog/1560/porsche-taycan-gts-2022
450.0,20.1,90.6,9,3.5,110706,Nemčija,2025,Mercedes-Benz,EQE AMG 53 4MATIC+,https://bestev4me.eu/ev-catalog/3243/mercedes-benz-eqe-amg-53-4matic-2025
450.0,17.6,79.0,10,6.4,48900,ZDA,2026,Ford,Explorer Extended Range RWD,https://bestev4me.eu/ev-catalog/3645/ford-explorer-extended-range-rwd-2026
450.0,19.3,87.0,16,7.6,58840,Japonska,2026,Nissan,Ariya 87kWh,https://bestev4me.eu/ev-catalog/3681/nissan-ariya-87kwh-2026
445.0,17.8,79.0,9,5.4,58755,Nemčija,2025,Volkswagen,ID.5 GTX,https://bestev4me.eu/ev-catalog/3255/volkswagen-id5-gtx-2025
445.0,17.3,77.0,10,6.6,46450,Češka,2025,Skoda,Elroq 85x,https://bestev4me.eu/ev-catalog/3372/skoda-elroq-85x-2025
445.0,17.3,77.0,10,5.4,54790,Češka,2026,Skoda,Elroq RS,https://bestev4me.eu/ev-catalog/3568/skoda-elroq-rs-2026
445.0,18.8,83.7,7,5.4,99815,Nemčija,2022,Porsche,Taycan Plus Sport Turismo,https://bestev4me.eu/ev-catalog/1622/porsche-taycan-plus-sport-turismo-2022
445.0,18.0,80.0,6,5.3,59400,Južna Koreja,2024,Hyundai,IONIQ 5 84 kWh AWD,https://bestev4me.eu/ev-catalog/2237/hyundai-ioniq-5-84-kwh-awd-2024
445.0,17.3,77.0,10,5.3,55400,ZDA,2026,Ford,Capri Extended Range AWD,https://bestev4me.eu/ev-catalog/3453/ford-capri-extended-range-awd-2026
445.0,17.3,77.0,10,6.2,48690,Češka,2026,Skoda,Elroq 85x,https://bestev4me.eu/ev-catalog/3567/skoda-elroq-85x-2026
445.0,17.3,77.0,10,6.8,53340,Španija,2024,CUPRA,Tavascan Endurance,https://bestev4me.eu/ev-catalog/1971/cupra-tavascan-endurance-2024
445.0,17.3,77.0,10,6.7,46335,Nemčija,2025,Volkswagen,ID.4 Pro,https://bestev4me.eu/ev-catalog/3250/volkswagen-id4-pro-2025
445.0,20.0,89.0,9,6.0,78150,Nemčija,2022,Audi,Q8 Sportback e-tron 50 quattro,https://bestev4me.eu/ev-catalog/1771/audi-q8-sportback-e-tron-50-quattro-2022
445.0,19.2,85.5,14,4.4,98000,ZDA,2015,Tesla,Model S 90D,https://bestev4me.eu/ev-catalog/1035/tesla-model-s-90d-2015
445.0,16.4,73.0,4,6.2,49600,Kitajska,2026,XPENG,P7+ RWD Long Range,https://bestev4me.eu/ev-catalog/3432/xpeng-p7-rwd-long-range-2026
445.0,16.9,75.0,9,5.0,55970,ZDA,2022,Tesla,Model Y Long Range AWD,https://bestev4me.eu/ev-catalog/1619/tesla-model-y-long-range-awd-2022
445.0,18.8,83.7,7,3.2,164420,Nemčija,2023,Porsche,Taycan Turbo,https://bestev4me.eu/ev-catalog/1927/porsche-taycan-turbo-2023
445.0,17.3,77.0,10,5.3,55400,ZDA,2026,Ford,Capri Extended Range AWD,https://bestev4me.eu/ev-catalog/3649/ford-capri-extended-range-awd-2026
445.0,17.3,77.0,10,6.6,55450,Nemčija,2026,Audi,Q4 Sportback e-tron performance,https://bestev4me.eu/ev-catalog/3592/audi-q4-sportback-e-tron-performance-2026
445.0,17.3,77.0,10,6.7,46335,Nemčija,2023,Volkswagen,ID.4 Pro,https://bestev4me.eu/ev-catalog/2028/volkswagen-id4-pro-2023
440.0,20.5,90.0,7,4.1,103900,Kitajska,2024,NIO,EL8 Long Range,https://bestev4me.eu/ev-catalog/2223/nio-el8-long-range-2024
440.0,20.7,91.0,16,5.8,69700,ZDA,2022,Ford,Mustang Mach-E ER AWD,https://bestev4me.eu/ev-catalog/1671/ford-mustang-mach-e-er-awd-2022
440.0,18.5,81.2,10,5.5,77600,Nemčija,2024,BMW,i5 xDrive40 Touring,https://bestev4me.eu/ev-catalog/3075/bmw-i5-xdrive40-touring-2024
440.0,17.7,78.0,11,6.6,46880,Južna Koreja,2026,Kia,EV3 Long Range AWD,https://bestev4me.eu/ev-catalog/3639/kia-ev3-long-range-awd-2026
440.0,17.5,77.0,10,6.1,49510,Nemčija,2026,Volkswagen,ID.4 Pro 4MOTION,https://bestev4me.eu/ev-catalog/3497/volkswagen-id4-pro-4motion-2026
450.0,20.1,90.6,9,7.6,83479,Nemčija,2023,Mercedes-Benz,EQE SUV 300,https://bestev4me.eu/ev-catalog/2007/mercedes-benz-eqe-suv-300-2023
440.0,18.7,82.3,7,3.7,121800,Nemčija,2024,Porsche,Taycan 4S Sport Turismo,https://bestev4me.eu/ev-catalog/2106/porsche-taycan-4s-sport-turismo-2024
440.0,17.5,77.0,9,8.6,48900,Češka,2021,Skoda,Enyaq iV 80,https://bestev4me.eu/ev-catalog/1280/skoda-enyaq-iv-80-2021
440.0,18.0,79.0,9,5.3,52430,ZDA,2024,Ford,Explorer Extended Range AWD,https://bestev4me.eu/ev-catalog/2169/ford-explorer-extended-range-awd-2024
440.0,19.0,83.7,7,4.1,119914,Nemčija,2023,Porsche,Taycan 4S Cross Turismo,https://bestev4me.eu/ev-catalog/1930/porsche-taycan-4s-cross-turismo-2023
440.0,19.0,83.7,7,5.1,103254,Nemčija,2023,Porsche,Taycan 4 Cross Turismo,https://bestev4me.eu/ev-catalog/1929/porsche-taycan-4-cross-turismo-2023
440.0,18.2,80.0,6,5.2,53990,Južna Koreja,2024,Kia,EV6 Long Range AWD,https://bestev4me.eu/ev-catalog/3029/kia-ev6-long-range-awd-2024
440.0,21.6,95.0,14,2.9,,ZDA,2019,Tesla,Model X Ludicrous Performance,https://bestev4me.eu/ev-catalog/1200/tesla-model-x-ludicrous-performance-2019
440.0,21.6,95.0,14,3.6,107600,ZDA,2019,Tesla,Model X Performance,https://bestev4me.eu/ev-catalog/1199/tesla-model-x-performance-2019
440.0,21.6,95.0,13,4.6,85990,ZDA,2019,Tesla,Model X Long Range,https://bestev4me.eu/ev-catalog/1198/tesla-model-x-long-range-2019
440.0,20.8,91.3,8,4.5,58990,Kitajska,2024,BYD,SEALION 7 91.3 kWh AWD Excellence,https://bestev4me.eu/ev-catalog/3072/byd-sealion-7-913-kwh-awd-excellence-2024
440.0,21.9,96.5,6,3.5,61000,Kitajska,2025,MG,IM6 Performance,https://bestev4me.eu/ev-catalog/3248/mg-im6-performance-2025
440.0,16.8,74.0,6,5.1,61100,Južna Koreja,2022,Hyundai,IONIQ 6 Long Range AWD,https://bestev4me.eu/ev-catalog/1719/hyundai-ioniq-6-long-range-awd-2022
440.0,20.7,91.0,16,5.8,69700,ZDA,2022,Ford,Mustang Mach-E ER AWD,https://bestev4me.eu/ev-catalog/1756/ford-mustang-mach-e-er-awd-2022
440.0,18.2,80.0,4,4.1,51600,Kitajska,2025,XPENG,G6 AWD Performance,https://bestev4me.eu/ev-catalog/3276/xpeng-g6-awd-performance-2025
440.0,18.8,82.5,8,4.9,69200,Južna Koreja,2022,Genesis,G80 Electrified Luxury,https://bestev4me.eu/ev-catalog/1703/genesis-g80-electrified-luxury-2022
435.0,20.7,90.0,10,4.5,74500,Kitajska,2023,NIO,EL6 Long Range,https://bestev4me.eu/ev-catalog/1922/nio-el6-long-range-2023
435.0,17.7,77.0,11,7.0,56650,Češka,2023,Skoda,Enyaq Coupe iV 80x,https://bestev4me.eu/ev-catalog/1630/skoda-enyaq-coupe-iv-80x-2023
435.0,18.4,80.0,6,3.2,75900,Južna Koreja,2026,Hyundai,IONIQ 6 N,https://bestev4me.eu/ev-catalog/3449/hyundai-ioniq-6-n-2026
435.0,20.2,88.0,13,4.8,66600,ZDA,2025,Ford,Mustang Mach-E ER AWD,https://bestev4me.eu/ev-catalog/3189/ford-mustang-mach-e-er-awd-2025
435.0,20.8,90.6,10,6.0,89548,Nemčija,2025,Mercedes-Benz,EQE SUV 350 4MATIC,https://bestev4me.eu/ev-catalog/3285/mercedes-benz-eqe-suv-350-4matic-2025
450.0,17.6,79.0,9,8.5,48500,ZDA,2024,Ford,Explorer Extended Range RWD,https://bestev4me.eu/ev-catalog/2168/ford-explorer-extended-range-rwd-2024
435.0,22.1,96.0,8,6.0,68990,Južna Koreja,2023,Kia,EV9 99.8 kWh AWD,https://bestev4me.eu/ev-catalog/1835/kia-ev9-998-kwh-awd-2023
435.0,17.7,77.0,10,6.6,49020,Nemčija,2025,Volkswagen,ID.4 Pro 4MOTION,https://bestev4me.eu/ev-catalog/3251/volkswagen-id4-pro-4motion-2025
440.0,21.6,95.0,13,4.6,85990,ZDA,2019,Tesla,Model X Long Range,https://bestev4me.eu/ev-catalog/1175/tesla-model-x-long-range-2019
435.0,17.1,74.4,14,6.2,44990,Kitajska,2026,MG,MG4 Premium Extended Range,https://bestev4me.eu/ev-catalog/3468/mg-mg4-premium-extended-range-2026
435.0,20.8,90.6,10,4.9,99841,Nemčija,2022,Mercedes-Benz,EQE SUV 500 4MATIC,https://bestev4me.eu/ev-catalog/1762/mercedes-benz-eqe-suv-500-4matic-2022
435.0,20.9,91.0,12,3.8,78000,ZDA,2025,Ford,Mustang Mach-E GT,https://bestev4me.eu/ev-catalog/3190/ford-mustang-mach-e-gt-2025
435.0,17.7,77.0,10,5.5,58950,Španija,2026,CUPRA,Tavascan 250 kW - 77 kWh VZ,https://bestev4me.eu/ev-catalog/3610/cupra-tavascan-250-kw-77-kwh-vz-2026
435.0,17.7,77.0,10,6.6,49020,Nemčija,2023,Volkswagen,ID.4 Pro 4MOTION,https://bestev4me.eu/ev-catalog/2029/volkswagen-id4-pro-4motion-2023
435.0,20.8,90.6,10,6.6,89548,Nemčija,2023,Mercedes-Benz,EQE SUV 350 4MATIC,https://bestev4me.eu/ev-catalog/2047/mercedes-benz-eqe-suv-350-4matic-2023
435.0,15.4,67.1,11,6.0,57600,Nemčija,2025,BMW,i4 eDrive35,https://bestev4me.eu/ev-catalog/3204/bmw-i4-edrive35-2025
435.0,17.7,77.0,10,5.5,61050,Češka,2023,Skoda,Enyaq RS,https://bestev4me.eu/ev-catalog/2022/skoda-enyaq-rs-2023
435.0,17.7,77.0,10,6.7,54950,Nemčija,2023,Audi,Q4 Sportback e-tron 45,https://bestev4me.eu/ev-catalog/2016/audi-q4-sportback-e-tron-45-2023
435.0,18.2,79.0,9,5.4,53255,Nemčija,2025,Volkswagen,ID.4 GTX,https://bestev4me.eu/ev-catalog/3252/volkswagen-id4-gtx-2025
435.0,25.0,108.7,15,5.9,,Kitajska,2023,Voyah,Dream 108 kWh,https://bestev4me.eu/ev-catalog/3629/voyah-dream-108-kwh-2023
430.0,17.9,77.0,10,5.3,52900,ZDA,2026,Ford,Explorer Extended Range AWD,https://bestev4me.eu/ev-catalog/3646/ford-explorer-extended-range-awd-2026
430.0,19.5,83.7,7,2.8,197740,Nemčija,2023,Porsche,Taycan Turbo S,https://bestev4me.eu/ev-catalog/1928/porsche-taycan-turbo-s-2023
430.0,16.7,72.0,10,7.3,45990,Japonska,2025,Toyota,C-HR+ 77 kWh,https://bestev4me.eu/ev-catalog/3394/toyota-c-hr-77-kwh-2025
430.0,17.9,77.0,10,8.4,48970,Nemčija,2022,Volkswagen,ID.5 Pro Performance,https://bestev4me.eu/ev-catalog/1913/volkswagen-id5-pro-performance-2022
430.0,17.9,77.0,10,10.4,47935,Nemčija,2022,Volkswagen,ID.5 Pro,https://bestev4me.eu/ev-catalog/1912/volkswagen-id5-pro-2022
430.0,20.5,88.0,16,5.8,63700,ZDA,2021,Ford,Mustang Mach-E ER AWD,https://bestev4me.eu/ev-catalog/1245/ford-mustang-mach-e-er-awd-2021
430.0,15.6,67.0,11,6.0,56500,Nemčija,2022,BMW,i4 eDrive35,https://bestev4me.eu/ev-catalog/1785/bmw-i4-edrive35-2022
430.0,19.4,83.5,16,4.5,53490,Kitajska,2024,GWM,ORA 07 GT,https://bestev4me.eu/ev-catalog/2247/gwm-ora-07-gt-2024
430.0,19.5,83.7,7,4.0,120081,Nemčija,2022,Porsche,Taycan 4S Plus Sport Turismo,https://bestev4me.eu/ev-catalog/1624/porsche-taycan-4s-plus-sport-turismo-2022
430.0,15.6,67.1,11,6.0,57500,Nemčija,2024,BMW,i4 eDrive35,https://bestev4me.eu/ev-catalog/2198/bmw-i4-edrive35-2024
430.0,20.9,90.0,14,3.9,94900,Kitajska,2022,NIO,EL7 Long Range,https://bestev4me.eu/ev-catalog/1789/nio-el7-long-range-2022
430.0,17.9,77.0,12,6.5,63300,Češka,2022,Skoda,Enyaq Coupe iV RS,https://bestev4me.eu/ev-catalog/1631/skoda-enyaq-coupe-iv-rs-2022
430.0,17.4,75.0,10,4.0,60970,ZDA,2022,Tesla,Model Y Performance,https://bestev4me.eu/ev-catalog/1183/tesla-model-y-performance-2022
430.0,17.9,77.0,10,8.4,48970,Nemčija,2022,Volkswagen,ID.5 Pro Performance,https://bestev4me.eu/ev-catalog/1557/volkswagen-id5-pro-performance-2022
430.0,18.1,78.0,12,5.7,53990,Južna Koreja,2026,Kia,EV3 GT,https://bestev4me.eu/ev-catalog/3663/kia-ev3-gt-2026
430.0,18.9,81.2,10,3.8,99500,Nemčija,2025,BMW,i5 M60 xDrive Sedan,https://bestev4me.eu/ev-catalog/3114/bmw-i5-m60-xdrive-sedan-2025
430.0,17.9,77.0,10,10.4,47935,Nemčija,2022,Volkswagen,ID.5 Pro,https://bestev4me.eu/ev-catalog/1556/volkswagen-id5-pro-2022
430.0,17.9,77.0,10,5.3,52900,ZDA,2026,Ford,Explorer Extended Range AWD,https://bestev4me.eu/ev-catalog/3455/ford-explorer-extended-range-awd-2026
430.0,17.9,77.0,10,5.4,57020,Nemčija,2026,Volkswagen,ID.5 GTX,https://bestev4me.eu/ev-catalog/3502/volkswagen-id5-gtx-2026
425.0,18.8,80.0,6,7.8,54680,Južna Koreja,2025,Genesis,GV60 Pure,https://bestev4me.eu/ev-catalog/3234/genesis-gv60-pure-2025
425.0,21.4,91.0,12,3.7,77300,ZDA,2023,Ford,Mustang Mach-E GT,https://bestev4me.eu/ev-catalog/2038/ford-mustang-mach-e-gt-2023
425.0,20.5,87.0,16,9.6,44990,Kitajska,2024,BYD,SEAL U 87 kWh Design,https://bestev4me.eu/ev-catalog/2067/byd-seal-u-87-kwh-design-2024
425.0,21.4,91.0,17,4.4,86200,ZDA,2022,Ford,Mustang Mach-E GT,https://bestev4me.eu/ev-catalog/1757/ford-mustang-mach-e-gt-2022
425.0,19.7,83.7,7,3.7,140858,Nemčija,2022,Porsche,Taycan GTS Sport Turismo,https://bestev4me.eu/ev-catalog/1561/porsche-taycan-gts-sport-turismo-2022
425.0,20.9,89.0,12,6.6,89548,Nemčija,2022,Mercedes-Benz,EQE SUV 350 4MATIC,https://bestev4me.eu/ev-catalog/1761/mercedes-benz-eqe-suv-350-4matic-2022
425.0,21.3,90.6,10,4.3,124920,Nemčija,2022,Mercedes-Benz,EQE SUV AMG 43 4MATIC,https://bestev4me.eu/ev-catalog/1763/mercedes-benz-eqe-suv-amg-43-4matic-2022
425.0,22.6,96.0,8,5.3,82380,Južna Koreja,2023,Kia,EV9 99.8 kWh AWD GT-Line,https://bestev4me.eu/ev-catalog/1993/kia-ev9-998-kwh-awd-gt-line-2023
425.0,18.1,77.0,12,6.9,49050,Češka,2021,Skoda,Enyaq iV 80x,https://bestev4me.eu/ev-catalog/1281/skoda-enyaq-iv-80x-2021
425.0,17.5,74.4,11,6.5,45990,Kitajska,2023,MG,MG4 Electric 77 kWh,https://bestev4me.eu/ev-catalog/1973/mg-mg4-electric-77-kwh-2023
425.0,18.1,77.0,10,5.5,57910,Španija,2024,CUPRA,Tavascan VZ,https://bestev4me.eu/ev-catalog/1972/cupra-tavascan-vz-2024
425.0,20.9,89.0,10,6.0,75900,Nemčija,2022,Audi,Q8 SUV e-tron 50 quattro,https://bestev4me.eu/ev-catalog/1769/audi-q8-suv-e-tron-50-quattro-2022
425.0,18.0,76.6,10,8.5,53900,Nemčija,2021,Audi,Q4 Sportback e-tron 40,https://bestev4me.eu/ev-catalog/1528/audi-q4-sportback-e-tron-40-2021
425.0,17.5,74.4,14,5.0,64990,Kitajska,2024,MG,Cyberster Trophy,https://bestev4me.eu/ev-catalog/2202/mg-cyberster-trophy-2024
425.0,17.2,73.0,5,4.3,53600,Kitajska,2026,XPENG,P7+ AWD Performance,https://bestev4me.eu/ev-catalog/3433/xpeng-p7-awd-performance-2026
425.0,19.7,83.7,7,3.3,165848,Nemčija,2023,Porsche,Taycan Turbo Cross Turismo,https://bestev4me.eu/ev-catalog/1931/porsche-taycan-turbo-cross-turismo-2023
425.0,20.7,88.0,8,6.8,85990,Švedska,2025,Volvo,EX90 Single Motor,https://bestev4me.eu/ev-catalog/3323/volvo-ex90-single-motor-2025
425.0,16.9,72.0,10,5.0,59965,ZDA,2021,Tesla,Model Y Long Range AWD,https://bestev4me.eu/ev-catalog/1182/tesla-model-y-long-range-awd-2021
425.0,21.4,91.0,17,4.4,86200,ZDA,2022,Ford,Mustang Mach-E GT,https://bestev4me.eu/ev-catalog/1672/ford-mustang-mach-e-gt-2022
425.0,18.1,77.0,11,6.6,53500,Nemčija,2026,Audi,Q4 e-tron performance,https://bestev4me.eu/ev-catalog/3588/audi-q4-e-tron-performance-2026
420.0,18.3,77.0,10,6.7,52950,Nemčija,2023,Audi,Q4 e-tron 45,https://bestev4me.eu/ev-catalog/2013/audi-q4-e-tron-45-2023
420.0,19.2,80.8,14,4.4,92800,ZDA,2015,Tesla,Model S 85D,https://bestev4me.eu/ev-catalog/1034/tesla-model-s-85d-2015
420.0,16.8,70.5,12,8.6,52205,Nemčija,2023,Mercedes-Benz,EQA 250+,https://bestev4me.eu/ev-catalog/1985/mercedes-benz-eqa-250-2023
420.0,18.3,77.0,12,6.2,63300,Češka,2023,Skoda,Enyaq iV RS,https://bestev4me.eu/ev-catalog/1282/skoda-enyaq-iv-rs-2023
420.0,19.9,83.7,7,4.1,114222,Nemčija,2021,Porsche,Taycan 4S Cross Turismo,https://bestev4me.eu/ev-catalog/1437/porsche-taycan-4s-cross-turismo-2021
420.0,13.6,57.0,8,6.1,40970,ZDA,2023,Tesla,Model 3 RWD,https://bestev4me.eu/ev-catalog/1991/tesla-model-3-rwd-2023
420.0,18.8,79.0,11,7.3,57190,Švedska,2024,Volvo,EC40 Single Motor ER,https://bestev4me.eu/ev-catalog/2124/volvo-ec40-single-motor-er-2024
420.0,21.6,90.6,10,3.5,139438,Nemčija,2023,Mercedes-Benz,EQE SUV AMG 53 4MATIC+,https://bestev4me.eu/ev-catalog/1764/mercedes-benz-eqe-suv-amg-53-4matic-2023
420.0,16.8,70.5,12,9.1,55960,Nemčija,2022,Mercedes-Benz,EQA 250+,https://bestev4me.eu/ev-catalog/1665/mercedes-benz-eqa-250-2022
420.0,17.3,72.5,14,4.2,86800,ZDA,2019,Tesla,Model S Standard Range,https://bestev4me.eu/ev-catalog/1193/tesla-model-s-standard-range-2019
420.0,22.6,95.0,15,3.1,156900,ZDA,2017,Tesla,Model X P100D,https://bestev4me.eu/ev-catalog/1076/tesla-model-x-p100d-2017
420.0,20.2,85.0,12,4.8,49200,Turčija,2025,TOGG,T10X Long Range AWD,https://bestev4me.eu/ev-catalog/3303/togg-t10x-long-range-awd-2025
420.0,16.5,69.5,7,6.6,38600,Kitajska,2026,XPENG,L03 RWD Long Range,https://bestev4me.eu/ev-catalog/3677/xpeng-l03-rwd-long-range-2026
420.0,16.2,68.0,8,7.6,44900,Japonska,2025,Mazda,6e 68.8 kWh,https://bestev4me.eu/ev-catalog/3107/mazda-6e-688-kwh-2025
420.0,18.3,77.0,10,5.4,53255,Nemčija,2023,Volkswagen,ID.4 GTX,https://bestev4me.eu/ev-catalog/2030/volkswagen-id4-gtx-2023
420.0,19.9,83.7,7,5.1,98514,Nemčija,2021,Porsche,Taycan 4 Cross Turismo,https://bestev4me.eu/ev-catalog/1186/porsche-taycan-4-cross-turismo-2021
420.0,16.8,70.5,12,9.1,55960,Nemčija,2022,Mercedes-Benz,EQA 250+,https://bestev4me.eu/ev-catalog/1698/mercedes-benz-eqa-250-2022
420.0,18.8,79.0,11,7.3,57190,Švedska,2025,Volvo,EC40 Single Motor ER,https://bestev4me.eu/ev-catalog/3155/volvo-ec40-single-motor-er-2025
420.0,19.3,81.2,10,3.8,99500,Nemčija,2023,BMW,i5 M60 xDrive Sedan,https://bestev4me.eu/ev-catalog/1907/bmw-i5-m60-xdrive-sedan-2023
420.0,17.9,75.3,9,7.9,,Kitajska,2026,GAC,AION V 75 kWh,https://bestev4me.eu/ev-catalog/3559/gac-aion-v-75-kwh-2026
420.0,14.3,60.0,7,8.3,45550,Južna Koreja,2026,Hyundai,IONIQ 6 63 kWh RWD,https://bestev4me.eu/ev-catalog/3438/hyundai-ioniq-6-63-kwh-rwd-2026
440.0,21.6,95.0,14,2.9,,ZDA,2019,Tesla,Model X Ludicrous Performance,https://bestev4me.eu/ev-catalog/1176/tesla-model-x-ludicrous-performance-2019
420.0,18.6,78.2,5,6.6,59600,Kitajska,2025,XPENG,G9 RWD Standard Range,https://bestev4me.eu/ev-catalog/3277/xpeng-g9-rwd-standard-range-2025
420.0,18.3,77.0,9,7.9,49990,Japonska,2026,Mazda,CX-6e 78 kWh,https://bestev4me.eu/ev-catalog/3596/mazda-cx-6e-78-kwh-2026
420.0,17.9,75.0,12,7.4,50995,Švedska,2021,Polestar,2 Long Range Single Motor,https://bestev4me.eu/ev-catalog/1487/polestar-2-long-range-single-motor-2021
420.0,16.9,71.0,7,5.4,93139,Nemčija,2023,Porsche,Taycan,https://bestev4me.eu/ev-catalog/1923/porsche-taycan-2023
420.0,18.3,77.0,10,5.4,61850,Nemčija,2026,Audi,Q4 Sportback e-tron quattro performance,https://bestev4me.eu/ev-catalog/3594/audi-q4-sportback-e-tron-quattro-performance-2026
415.0,20.2,83.7,7,4.1,106050,Nemčija,2021,Audi,e-tron GT quattro,https://bestev4me.eu/ev-catalog/1420/audi-e-tron-gt-quattro-2021
415.0,19.3,80.0,6,5.5,64580,Južna Koreja,2025,Genesis,GV60 Sport,https://bestev4me.eu/ev-catalog/3235/genesis-gv60-sport-2025
415.0,17.1,71.0,7,4.0,114559,Nemčija,2023,Porsche,Taycan 4S,https://bestev4me.eu/ev-catalog/1925/porsche-taycan-4s-2023
415.0,17.7,73.5,11,3.8,81900,Kitajska,2022,NIO,ET7 Standard Range,https://bestev4me.eu/ev-catalog/1751/nio-et7-standard-range-2022
415.0,17.8,73.7,13,7.7,57700,Francija,2024,DS,N°8 FWD,https://bestev4me.eu/ev-catalog/3076/ds-n8-fwd-2024
415.0,18.6,77.0,10,5.4,61000,Nemčija,2025,Audi,Q4 Sportback e-tron 55 quattro,https://bestev4me.eu/ev-catalog/3504/audi-q4-sportback-e-tron-55-quattro-2025
415.0,17.3,72.0,5,5.3,48950,Kitajska,2026,Zeekr,7GT Core RWD,https://bestev4me.eu/ev-catalog/3428/zeekr-7gt-core-rwd-2026
415.0,18.6,77.0,10,5.4,61000,Nemčija,2023,Audi,Q4 Sportback e-tron 55 quattro,https://bestev4me.eu/ev-catalog/2018/audi-q4-sportback-e-tron-55-quattro-2023
415.0,23.8,98.6,14,4.1,124301,Italija,2024,Maserati,Grecale Folgore,https://bestev4me.eu/ev-catalog/1843/maserati-grecale-folgore-2024
415.0,20.2,83.7,7,3.2,156348,Nemčija,2020,Porsche,Taycan Turbo,https://bestev4me.eu/ev-catalog/1229/porsche-taycan-turbo-2020
415.0,19.6,81.2,10,3.9,101500,Nemčija,2024,BMW,i5 M60 xDrive Touring,https://bestev4me.eu/ev-catalog/2115/bmw-i5-m60-xdrive-touring-2024
415.0,20.6,85.5,15,3.3,120300,ZDA,2015,Tesla,Model S P90D,https://bestev4me.eu/ev-catalog/1037/tesla-model-s-p90d-2015
415.0,17.0,70.5,13,8.9,53514,Nemčija,2023,Mercedes-Benz,EQB 250+,https://bestev4me.eu/ev-catalog/1988/mercedes-benz-eqb-250-2023
410.0,18.8,77.0,10,6.6,56950,Nemčija,2023,Audi,Q4 Sportback e-tron 45 quattro,https://bestev4me.eu/ev-catalog/2017/audi-q4-sportback-e-tron-45-quattro-2023
410.0,18.5,75.8,8,7.0,65900,Nemčija,2024,Audi,Q6 Sportback e-tron,https://bestev4me.eu/ev-catalog/3041/audi-q6-sportback-e-tron-2024
410.0,20.0,81.9,11,6.6,41900,Kitajska,2025,Leapmotor,C10 RWD 81.9 kWh,https://bestev4me.eu/ev-catalog/3387/leapmotor-c10-rwd-819-kwh-2025
410.0,20.4,83.7,7,2.9,199168,Nemčija,2023,Porsche,Taycan Turbo S Cross Turismo,https://bestev4me.eu/ev-catalog/1932/porsche-taycan-turbo-s-cross-turismo-2023
410.0,18.8,77.0,10,8.5,48691,Nemčija,2020,Volkswagen,ID.4 1st,https://bestev4me.eu/ev-catalog/1273/volkswagen-id4-1st-2020
410.0,17.3,71.0,7,5.4,88399,Nemčija,2021,Porsche,Taycan,https://bestev4me.eu/ev-catalog/1393/porsche-taycan-2021
410.0,22.2,91.0,13,3.9,80300,ZDA,2024,Ford,Mustang Mach-E Rally,https://bestev4me.eu/ev-catalog/2275/ford-mustang-mach-e-rally-2024
410.0,19.0,78.0,11,8.4,45990,Južna Koreja,2025,Kia,EV5 81.4 kWh,https://bestev4me.eu/ev-catalog/3300/kia-ev5-814-kwh-2025
410.0,17.2,70.5,13,8.9,53978,Nemčija,2022,Mercedes-Benz,EQB 250+,https://bestev4me.eu/ev-catalog/1778/mercedes-benz-eqb-250-2022
410.0,18.0,74.0,6,7.3,51990,Južna Koreja,2021,Kia,EV6 Long Range 2WD,https://bestev4me.eu/ev-catalog/1481/kia-ev6-long-range-2wd-2021
410.0,19.0,78.0,18,7.9,44990,Kitajska,2025,Changan,Deepal S07 Standard,https://bestev4me.eu/ev-catalog/3369/changan-deepal-s07-standard-2025
410.0,17.6,72.0,11,7.3,,Japonska,2026,Subaru,Uncharted 77 kWh,https://bestev4me.eu/ev-catalog/3436/subaru-uncharted-77-kwh-2026
410.0,18.8,77.0,10,6.2,55900,Nemčija,2026,Audi,Q4 e-tron quattro,https://bestev4me.eu/ev-catalog/3589/audi-q4-e-tron-quattro-2026
410.0,17.9,73.5,11,4.0,59500,Kitajska,2022,NIO,ET5 Standard Range,https://bestev4me.eu/ev-catalog/1786/nio-et5-standard-range-2022
410.0,19.7,80.6,13,8.2,41990,Južna Koreja,2025,KGM,Torres EVX 80.6 kWh,https://bestev4me.eu/ev-catalog/3389/kgm-torres-evx-806-kwh-2025
410.0,18.8,77.0,10,8.5,46335,Nemčija,2021,Volkswagen,ID.4 Pro Performance,https://bestev4me.eu/ev-catalog/1314/volkswagen-id4-pro-performance-2021
410.0,21.5,88.0,17,4.4,72900,ZDA,2021,Ford,Mustang Mach-E GT,https://bestev4me.eu/ev-catalog/1246/ford-mustang-mach-e-gt-2021
405.0,21.5,87.0,18,5.7,57490,Japonska,2022,Nissan,Ariya e-4ORCE 87kWh - 225 kW,https://bestev4me.eu/ev-catalog/1304/nissan-ariya-e-4orce-87kwh-225-kw-2022
405.0,16.5,67.0,11,6.4,48990,Švedska,2024,Polestar,2 Standard Range Single Motor,https://bestev4me.eu/ev-catalog/2225/polestar-2-standard-range-single-motor-2024
405.0,18.3,74.3,13,7.3,49990,Kitajska,2025,MG,MGS6 EV RWD 77 kWh,https://bestev4me.eu/ev-catalog/3418/mg-mgs6-ev-rwd-77-kwh-2025
405.0,21.5,87.0,18,5.7,63840,Japonska,2026,Nissan,Ariya e-4ORCE 87kWh - 225 kW,https://bestev4me.eu/ev-catalog/3682/nissan-ariya-e-4orce-87kwh-225-kw-2026
405.0,21.5,87.0,18,5.1,71490,Japonska,2023,Nissan,Ariya e-4ORCE 87kWh - 290 kW,https://bestev4me.eu/ev-catalog/1305/nissan-ariya-e-4orce-87kwh-290-kw-2023
405.0,18.5,74.8,9,5.5,44990,Kitajska,2026,BYD,ATTO 3 Evo RWD Design,https://bestev4me.eu/ev-catalog/3474/byd-atto-3-evo-rwd-design-2026
405.0,16.5,67.0,11,6.4,48990,Švedska,2025,Polestar,2 Standard Range Single Motor,https://bestev4me.eu/ev-catalog/3150/polestar-2-standard-range-single-motor-2025
405.0,21.1,85.5,15,3.0,131400,ZDA,2015,Tesla,Model S P90DL,https://bestev4me.eu/ev-catalog/1038/tesla-model-s-p90dl-2015
405.0,21.1,85.5,15,3.0,129600,ZDA,2016,Tesla,Model S P90DL,https://bestev4me.eu/ev-catalog/1065/tesla-model-s-p90dl-2016
405.0,16.1,65.2,11,8.6,55100,Nemčija,2026,BMW,iX2 eDrive20,https://bestev4me.eu/ev-catalog/3460/bmw-ix2-edrive20-2026
405.0,21.1,85.5,15,3.3,124200,ZDA,2016,Tesla,Model S P90D,https://bestev4me.eu/ev-catalog/1064/tesla-model-s-p90d-2016
405.0,19.9,80.8,14,5.6,87400,ZDA,2013,Tesla,Model S 85,https://bestev4me.eu/ev-catalog/1031/tesla-model-s-85-2013
405.0,18.1,73.5,10,6.8,,Kitajska,2025,MG,IM5 Standard Range,https://bestev4me.eu/ev-catalog/3244/mg-im5-standard-range-2025
405.0,19.0,77.0,12,6.3,56455,Nemčija,2022,Volkswagen,ID.5 GTX,https://bestev4me.eu/ev-catalog/1914/volkswagen-id5-gtx-2022
405.0,18.9,76.6,10,8.5,51900,Nemčija,2021,Audi,Q4 e-tron 40,https://bestev4me.eu/ev-catalog/1490/audi-q4-e-tron-40-2021
405.0,21.7,87.7,14,5.9,52990,Vietnam,2023,VinFast,VF 8 Eco Extended Range,https://bestev4me.eu/ev-catalog/1807/vinfast-vf-8-eco-extended-range-2023
405.0,20.2,82.0,11,5.9,50000,Vietnam,2023,VinFast,VF 8 Eco Standard Range,https://bestev4me.eu/ev-catalog/1806/vinfast-vf-8-eco-standard-range-2023
405.0,19.0,77.0,12,6.3,56455,Nemčija,2022,Volkswagen,ID.5 GTX,https://bestev4me.eu/ev-catalog/1558/volkswagen-id5-gtx-2022
405.0,20.7,83.7,7,3.2,165372,Nemčija,2022,Porsche,Taycan Turbo Sport Turismo,https://bestev4me.eu/ev-catalog/1625/porsche-taycan-turbo-sport-turismo-2022
405.0,19.0,77.0,12,6.9,49020,Nemčija,2022,Volkswagen,ID.4 Pro 4MOTION,https://bestev4me.eu/ev-catalog/1702/volkswagen-id4-pro-4motion-2022
405.0,19.0,77.0,10,5.4,59900,Nemčija,2026,Audi,Q4 e-tron quattro performance,https://bestev4me.eu/ev-catalog/3590/audi-q4-e-tron-quattro-performance-2026
400.0,19.8,79.0,12,4.6,64390,Švedska,2025,Volvo,EC40 Twin Motor Performance,https://bestev4me.eu/ev-catalog/3157/volvo-ec40-twin-motor-performance-2025
400.0,23.0,92.0,12,6.5,83000,Vietnam,2023,VinFast,VF 9 Standard Range,https://bestev4me.eu/ev-catalog/1810/vinfast-vf-9-standard-range-2023
400.0,17.8,71.0,11,7.2,51990,Japonska,2026,Toyota,bZ4X Touring FWD 74.7 kWh,https://bestev4me.eu/ev-catalog/3400/toyota-bz4x-touring-fwd-747-kwh-2026
400.0,21.9,87.7,14,5.5,58890,Vietnam,2023,VinFast,VF 8 Plus Extended Range,https://bestev4me.eu/ev-catalog/1809/vinfast-vf-8-plus-extended-range-2023
400.0,16.3,65.2,13,8.6,38120,Združeno kraljestvo,2026,Mini,Countryman E,https://bestev4me.eu/ev-catalog/3456/mini-countryman-e-2026
400.0,20.5,82.0,11,5.5,55000,Vietnam,2023,VinFast,VF 8 Plus Standard Range,https://bestev4me.eu/ev-catalog/1808/vinfast-vf-8-plus-standard-range-2023
400.0,19.8,79.0,12,7.3,53000,Švedska,2022,Volvo,XC40 Recharge Single Motor ER,https://bestev4me.eu/ev-catalog/1797/volvo-xc40-recharge-single-motor-er-2022
400.0,18.5,74.0,7,5.2,55980,Južna Koreja,2021,Kia,EV6 Long Range AWD,https://bestev4me.eu/ev-catalog/1482/kia-ev6-long-range-awd-2021
400.0,19.8,79.0,12,7.3,55490,Švedska,2025,Volvo,EX40 Single Motor ER,https://bestev4me.eu/ev-catalog/3159/volvo-ex40-single-motor-er-2025
400.0,19.8,79.0,12,4.8,61290,Švedska,2025,Volvo,EC40 Twin Motor,https://bestev4me.eu/ev-catalog/3156/volvo-ec40-twin-motor-2025
400.0,19.8,79.0,12,4.7,61400,Švedska,2022,Volvo,C40 Recharge Twin Motor,https://bestev4me.eu/ev-catalog/1801/volvo-c40-recharge-twin-motor-2022
400.0,20.9,83.7,7,3.3,146050,Nemčija,2021,Audi,RS e-tron GT,https://bestev4me.eu/ev-catalog/1153/audi-rs-e-tron-gt-2021
400.0,20.0,80.0,7,4.0,74480,Južna Koreja,2025,Genesis,GV60 Performance,https://bestev4me.eu/ev-catalog/3236/genesis-gv60-performance-2025
400.0,19.2,76.6,12,6.2,59900,Nemčija,2021,Audi,Q4 Sportback e-tron 50 quattro,https://bestev4me.eu/ev-catalog/1492/audi-q4-sportback-e-tron-50-quattro-2021
400.0,16.3,65.2,11,8.6,49400,Nemčija,2026,BMW,iX1 eDrive20,https://bestev4me.eu/ev-catalog/3458/bmw-ix1-edrive20-2026
420.0,16.8,70.5,12,9.1,55960,Nemčija,2022,Mercedes-Benz,EQA 250,https://bestev4me.eu/ev-catalog/1697/mercedes-benz-eqa-250-2022
395.0,18.2,72.0,11,4.6,63000,Japonska,2025,Lexus,RZ 500e,https://bestev4me.eu/ev-catalog/3294/lexus-rz-500e-2025
420.0,16.8,70.5,12,8.6,52205,Nemčija,2023,Mercedes-Benz,EQA 250,https://bestev4me.eu/ev-catalog/1984/mercedes-benz-eqa-250-2023
395.0,21.2,83.7,7,2.8,198692,Nemčija,2022,Porsche,Taycan Turbo S Sport Turismo,https://bestev4me.eu/ev-catalog/1626/porsche-taycan-turbo-s-sport-turismo-2022
395.0,21.0,83.0,7,2.8,206713,Italija,2024,Maserati,GranCabrio Folgore,https://bestev4me.eu/ev-catalog/2187/maserati-grancabrio-folgore-2024
395.0,29.4,116.0,13,4.7,142622,Nemčija,2024,Mercedes-Benz,G 580,https://bestev4me.eu/ev-catalog/2192/mercedes-benz-g-580-2024
395.0,21.2,83.7,7,3.3,157776,Nemčija,2021,Porsche,Taycan Turbo Cross Turismo,https://bestev4me.eu/ev-catalog/1438/porsche-taycan-turbo-cross-turismo-2021
395.0,19.5,77.0,11,5.4,59000,Nemčija,2025,Audi,Q4 e-tron 55 quattro,https://bestev4me.eu/ev-catalog/3503/audi-q4-e-tron-55-quattro-2025
395.0,19.7,78.0,11,7.3,52990,Južna Koreja,2026,Kia,EV5 81.4 kWh AWD,https://bestev4me.eu/ev-catalog/3489/kia-ev5-814-kwh-awd-2026
395.0,19.2,75.8,8,6.4,59600,Kitajska,2023,XPENG,G9 RWD Standard Range,https://bestev4me.eu/ev-catalog/1824/xpeng-g9-rwd-standard-range-2023
395.0,18.0,71.0,7,4.0,108867,Nemčija,2020,Porsche,Taycan 4S,https://bestev4me.eu/ev-catalog/1237/porsche-taycan-4s-2020
395.0,16.5,65.2,11,5.6,62200,Nemčija,2026,BMW,iX2 xDrive30,https://bestev4me.eu/ev-catalog/3461/bmw-ix2-xdrive30-2026
395.0,16.7,66.0,10,6.4,46275,Švedska,2023,Polestar,2 Standard Range Single Motor,https://bestev4me.eu/ev-catalog/1817/polestar-2-standard-range-single-motor-2023
395.0,19.2,75.8,8,7.0,63500,Nemčija,2024,Audi,Q6 SUV e-tron,https://bestev4me.eu/ev-catalog/2281/audi-q6-suv-e-tron-2024
395.0,19.5,77.0,11,5.4,59000,Nemčija,2023,Audi,Q4 e-tron 55 quattro,https://bestev4me.eu/ev-catalog/2015/audi-q4-e-tron-55-quattro-2023
395.0,19.5,77.0,11,6.6,54950,Nemčija,2023,Audi,Q4 e-tron 45 quattro,https://bestev4me.eu/ev-catalog/2014/audi-q4-e-tron-45-quattro-2023
395.0,16.4,64.7,12,8.6,49400,Nemčija,2024,BMW,iX2 eDrive20,https://bestev4me.eu/ev-catalog/2097/bmw-ix2-edrive20-2024
395.0,18.7,73.7,14,7.7,56300,Francija,2026,DS,N°7 FWD,https://bestev4me.eu/ev-catalog/3623/ds-n7-fwd-2026
395.0,21.6,85.5,16,5.0,113300,ZDA,2016,Tesla,Model X 90D,https://bestev4me.eu/ev-catalog/1053/tesla-model-x-90d-2016
395.0,18.8,74.3,14,5.1,53990,Kitajska,2025,MG,MGS6 EV Dual Motor 77 kWh,https://bestev4me.eu/ev-catalog/3419/mg-mgs6-ev-dual-motor-77-kwh-2025
395.0,18.8,74.4,15,3.2,69990,Kitajska,2024,MG,Cyberster GT,https://bestev4me.eu/ev-catalog/2203/mg-cyberster-gt-2024
395.0,19.6,77.3,12,6.8,,Kitajska,2025,Voyah,Courage 80 kWh RWD,https://bestev4me.eu/ev-catalog/3136/voyah-courage-80-kwh-rwd-2025
390.0,22.1,86.0,10,7.9,62719,Nemčija,2024,Volkswagen,ID. Buzz LWB Pro,https://bestev4me.eu/ev-catalog/2154/volkswagen-id-buzz-lwb-pro-2024
390.0,20.8,81.0,21,9.5,53090,Nemčija,2023,Elaris,BEO 86 kWh,https://bestev4me.eu/ev-catalog/1975/elaris-beo-86-kwh-2023
390.0,18.5,72.0,11,4.4,78700,Japonska,2025,Lexus,RZ 550e F SPORT,https://bestev4me.eu/ev-catalog/3295/lexus-rz-550e-f-sport-2025
390.0,16.4,64.0,18,7.9,42900,Južna Koreja,2021,Hyundai,Kona Electric 64 kWh,https://bestev4me.eu/ev-catalog/1423/hyundai-kona-electric-64-kwh-2021
390.0,19.2,75.0,13,4.7,54995,Švedska,2021,Polestar,2 Long Range Dual Motor,https://bestev4me.eu/ev-catalog/1488/polestar-2-long-range-dual-motor-2021
390.0,19.0,74.0,7,7.8,,Južna Koreja,2022,Genesis,GV60 Premium,https://bestev4me.eu/ev-catalog/1647/genesis-gv60-premium-2022
390.0,19.0,74.0,7,7.3,47900,Južna Koreja,2022,Hyundai,IONIQ 5 Long Range 2WD,https://bestev4me.eu/ev-catalog/1662/hyundai-ioniq-5-long-range-2wd-2022
390.0,16.8,65.4,14,7.8,47190,Južna Koreja,2023,Hyundai,Kona Electric 65 kWh,https://bestev4me.eu/ev-catalog/1830/hyundai-kona-electric-65-kwh-2023
390.0,16.6,64.7,13,8.3,47900,Nemčija,2023,BMW,iX1 eDrive20,https://bestev4me.eu/ev-catalog/1996/bmw-ix1-edrive20-2023
390.0,20.5,80.0,7,3.4,74900,Južna Koreja,2023,Hyundai,IONIQ 5 N,https://bestev4me.eu/ev-catalog/2044/hyundai-ioniq-5-n-2023
390.0,19.8,77.3,12,4.9,,Kitajska,2025,Voyah,Courage 80 kWh AWD,https://bestev4me.eu/ev-catalog/3137/voyah-courage-80-kwh-awd-2025
390.0,17.4,67.8,5,6.9,43600,Kitajska,2025,XPENG,G6 RWD Standard Range,https://bestev4me.eu/ev-catalog/3402/xpeng-g6-rwd-standard-range-2025
390.0,16.7,65.2,12,5.6,56600,Nemčija,2026,BMW,iX1 xDrive30,https://bestev4me.eu/ev-catalog/3459/bmw-ix1-xdrive30-2026
390.0,19.2,74.8,10,3.9,50990,Kitajska,2026,BYD,ATTO 3 Evo AWD Excellence,https://bestev4me.eu/ev-catalog/3475/byd-atto-3-evo-awd-excellence-2026
390.0,18.5,72.0,12,8.0,,Japonska,2026,Lexus,ES 350e,https://bestev4me.eu/ev-catalog/3492/lexus-es-350e-2026
390.0,22.1,86.0,11,7.9,57888,Nemčija,2026,Volkswagen,ID. Buzz LWB Pro,https://bestev4me.eu/ev-catalog/3634/volkswagen-id-buzz-lwb-pro-2026
390.0,17.8,69.5,8,4.5,41600,Kitajska,2026,XPENG,L03 AWD Performance,https://bestev4me.eu/ev-catalog/3678/xpeng-l03-awd-performance-2026
385.0,19.2,74.0,14,6.8,67300,Nemčija,2020,BMW,iX3,https://bestev4me.eu/ev-catalog/1136/bmw-ix3-2020
385.0,19.9,76.6,13,6.2,57900,Nemčija,2021,Audi,Q4 e-tron 50 quattro,https://bestev4me.eu/ev-catalog/1491/audi-q4-e-tron-50-quattro-2021
385.0,19.9,76.6,13,6.9,53990,Nemčija,2021,Audi,Q4 e-tron 45 quattro,https://bestev4me.eu/ev-catalog/1527/audi-q4-e-tron-45-quattro-2021
385.0,19.2,74.0,14,6.8,67300,Nemčija,2021,BMW,iX3,https://bestev4me.eu/ev-catalog/1535/bmw-ix3-2021
385.0,19.2,74.0,7,5.1,59200,Južna Koreja,2022,Hyundai,IONIQ 5 Long Range AWD,https://bestev4me.eu/ev-catalog/1663/hyundai-ioniq-5-long-range-awd-2022
410.0,17.2,70.5,13,8.9,53978,Nemčija,2022,Mercedes-Benz,EQB 250,https://bestev4me.eu/ev-catalog/1664/mercedes-benz-eqb-250-2022
385.0,16.8,64.8,16,7.8,45690,Južna Koreja,2022,Kia,Niro EV,https://bestev4me.eu/ev-catalog/1666/kia-niro-ev-2022
385.0,19.5,75.0,13,4.4,61495,Švedska,2022,Polestar,2 Long Range Performance,https://bestev4me.eu/ev-catalog/1777/polestar-2-long-range-performance-2022
385.0,20.5,79.0,12,4.8,59950,Švedska,2022,Volvo,XC40 Recharge Twin Motor,https://bestev4me.eu/ev-catalog/1798/volvo-xc40-recharge-twin-motor-2022
385.0,16.8,64.7,13,8.6,43500,Združeno kraljestvo,2024,Mini,Countryman E,https://bestev4me.eu/ev-catalog/1994/mini-countryman-e-2024
385.0,16.8,64.7,13,5.6,56500,Nemčija,2023,BMW,iX2 xDrive30,https://bestev4me.eu/ev-catalog/2040/bmw-ix2-xdrive30-2023
385.0,20.5,79.0,12,4.6,62890,Švedska,2024,Volvo,EX40 Twin Motor Performance,https://bestev4me.eu/ev-catalog/2122/volvo-ex40-twin-motor-performance-2024
385.0,20.5,79.0,12,4.8,59590,Švedska,2024,Volvo,EX40 Twin Motor,https://bestev4me.eu/ev-catalog/2136/volvo-ex40-twin-motor-2024
385.0,18.9,72.6,12,6.2,55800,ZDA,2024,Ford,Mustang Mach-E SR RWD,https://bestev4me.eu/ev-catalog/2277/ford-mustang-mach-e-sr-rwd-2024
385.0,21.0,81.0,28,9.6,,Kitajska,2024,Skywell,BE11 Long Range,https://bestev4me.eu/ev-catalog/3065/skywell-be11-long-range-2024
385.0,22.6,87.0,19,5.0,63990,Japonska,2024,Nissan,Ariya e-4ORCE 87kWh - 320 kW Nismo,https://bestev4me.eu/ev-catalog/3074/nissan-ariya-e-4orce-87kwh-320-kw-nismo-2024
385.0,17.9,69.0,11,7.4,47990,Japonska,2025,Toyota,bZ4X FWD 73.1 kWh,https://bestev4me.eu/ev-catalog/3134/toyota-bz4x-fwd-731-kwh-2025
385.0,20.5,79.0,12,4.8,59590,Švedska,2025,Volvo,EX40 Twin Motor,https://bestev4me.eu/ev-catalog/3160/volvo-ex40-twin-motor-2025
385.0,20.5,79.0,12,4.6,62890,Švedska,2025,Volvo,EX40 Twin Motor Performance,https://bestev4me.eu/ev-catalog/3161/volvo-ex40-twin-motor-performance-2025
385.0,20.8,80.0,7,4.4,70230,Južna Koreja,2025,Genesis,GV70 Electrified,https://bestev4me.eu/ev-catalog/3237/genesis-gv70-electrified-2025
385.0,17.7,68.0,9,7.5,38990,Kitajska,2025,Changan,Deepal S05 RWD,https://bestev4me.eu/ev-catalog/3367/changan-deepal-s05-rwd-2025
385.0,18.7,72.0,11,5.2,53990,Japonska,2025,Toyota,C-HR+ 77 kWh AWD,https://bestev4me.eu/ev-catalog/3395/toyota-c-hr-77-kwh-awd-2025
385.0,18.4,71.0,11,4.4,55000,Japonska,2026,Toyota,bZ4X Touring AWD 74.7 kWh,https://bestev4me.eu/ev-catalog/3401/toyota-bz4x-touring-awd-747-kwh-2026
385.0,16.9,65.2,13,5.6,43320,Združeno kraljestvo,2026,Mini,Countryman SE ALL4,https://bestev4me.eu/ev-catalog/3457/mini-countryman-se-all4-2026
385.0,16.8,64.8,16,8.1,41340,Južna Koreja,2026,Hyundai,Kona Electric 64.8 kWh,https://bestev4me.eu/ev-catalog/3463/hyundai-kona-electric-648-kwh-2026
385.0,15.1,58.0,8,7.6,50789,Nemčija,2026,Mercedes-Benz,CLA Shooting Brake 200,https://bestev4me.eu/ev-catalog/3628/mercedes-benz-cla-shooting-brake-200-2026
385.0,20.3,78.0,12,6.2,59990,Južna Koreja,2026,Kia,EV5 81.4 kWh GT,https://bestev4me.eu/ev-catalog/3651/kia-ev5-814-kwh-gt-2026
380.0,19.1,72.5,16,4.4,71019,ZDA,2016,Tesla,Model S 75D,https://bestev4me.eu/ev-catalog/1070/tesla-model-s-75d-2016
380.0,19.1,72.5,16,4.6,69970,ZDA,2016,Tesla,Model S 75,https://bestev4me.eu/ev-catalog/1071/tesla-model-s-75-2016
380.0,22.3,84.7,18,4.8,77300,Združeno kraljestvo,2018,Jaguar,I-Pace EV400,https://bestev4me.eu/ev-catalog/1097/jaguar-i-pace-ev400-2018
380.0,22.8,86.5,10,5.7,81639,Nemčija,2020,Audi,e-tron Sportback 55 quattro,https://bestev4me.eu/ev-catalog/1107/audi-e-tron-sportback-55-quattro-2020
380.0,22.3,84.7,18,4.8,76815,Združeno kraljestvo,2020,Jaguar,I-Pace EV400,https://bestev4me.eu/ev-catalog/1287/jaguar-i-pace-ev400-2020
380.0,22.3,84.7,18,6.4,75351,Združeno kraljestvo,2020,Jaguar,I-Pace EV320,https://bestev4me.eu/ev-catalog/1307/jaguar-i-pace-ev320-2020
380.0,22.8,86.5,10,5.7,81639,Nemčija,2020,Audi,e-tron Sportback 55 quattro,https://bestev4me.eu/ev-catalog/1356/audi-e-tron-sportback-55-quattro-2020
380.0,22.0,83.7,8,2.9,191096,Nemčija,2021,Porsche,Taycan Turbo S Cross Turismo,https://bestev4me.eu/ev-catalog/1439/porsche-taycan-turbo-s-cross-turismo-2021
380.0,15.8,60.0,13,7.4,46600,Francija,2022,Renault,Megane E-Tech EV60 220hp,https://bestev4me.eu/ev-catalog/1521/renault-megane-e-tech-ev60-220hp-2022
380.0,15.8,60.0,13,10.5,47000,Francija,2022,Renault,Megane E-Tech EV60 130hp,https://bestev4me.eu/ev-catalog/1588/renault-megane-e-tech-ev60-130hp-2022
380.0,18.7,71.0,7,5.4,94091,Nemčija,2022,Porsche,Taycan Sport Turismo,https://bestev4me.eu/ev-catalog/1621/porsche-taycan-sport-turismo-2022
380.0,17.0,64.7,13,5.6,55000,Nemčija,2022,BMW,iX1 xDrive30,https://bestev4me.eu/ev-catalog/1701/bmw-ix1-xdrive30-2022
380.0,22.3,84.7,18,4.8,92400,Združeno kraljestvo,2023,Jaguar,I-Pace EV400,https://bestev4me.eu/ev-catalog/1812/jaguar-i-pace-ev400-2023
380.0,19.2,73.0,14,8.8,48750,Francija,2023,Peugeot,e-3008 73 kWh,https://bestev4me.eu/ev-catalog/2003/peugeot-e-3008-73-kwh-2023
380.0,19.1,72.6,13,7.3,55800,ZDA,2023,Ford,Mustang Mach-E SR RWD,https://bestev4me.eu/ev-catalog/2034/ford-mustang-mach-e-sr-rwd-2023
380.0,22.6,86.0,10,6.5,74928,Nemčija,2024,Volkswagen,ID. Buzz LWB GTX,https://bestev4me.eu/ev-catalog/2157/volkswagen-id-buzz-lwb-gtx-2024
380.0,18.9,72.0,5,6.0,55950,Kitajska,2025,Zeekr,7X Core RWD,https://bestev4me.eu/ev-catalog/3081/zeekr-7x-core-rwd-2025
380.0,15.8,60.0,13,10.5,,Francija,2025,Renault,Megane E-Tech EV60 130hp,https://bestev4me.eu/ev-catalog/3131/renault-megane-e-tech-ev60-130hp-2025
380.0,15.8,60.0,13,7.4,40990,Francija,2025,Renault,Megane E-Tech EV60 220hp,https://bestev4me.eu/ev-catalog/3132/renault-megane-e-tech-ev60-220hp-2025
380.0,19.1,72.6,13,6.2,56500,ZDA,2025,Ford,Mustang Mach-E SR RWD,https://bestev4me.eu/ev-catalog/3187/ford-mustang-mach-e-sr-rwd-2025
380.0,15.8,60.0,10,7.2,40970,ZDA,2025,Tesla,Model Y RWD,https://bestev4me.eu/ev-catalog/3362/tesla-model-y-rwd-2025
380.0,21.6,81.9,12,4.0,44900,Kitajska,2025,Leapmotor,C10 AWD 81.9 kWh,https://bestev4me.eu/ev-catalog/3388/leapmotor-c10-awd-819-kwh-2025
380.0,18.7,71.0,12,5.5,,Japonska,2026,Lexus,ES 500e DIRECT 4,https://bestev4me.eu/ev-catalog/3493/lexus-es-500e-direct-4-2026
380.0,17.1,65.0,10,6.6,31900,Kitajska,2026,Leapmotor,B05 67.1 kWh,https://bestev4me.eu/ev-catalog/3564/leapmotor-b05-671-kwh-2026
380.0,22.6,86.0,11,6.4,62648,Nemčija,2026,Volkswagen,ID. Buzz LWB Pro 4MOTION,https://bestev4me.eu/ev-catalog/3635/volkswagen-id-buzz-lwb-pro-4motion-2026
380.0,22.6,86.0,11,6.4,70049,Nemčija,2026,Volkswagen,ID. Buzz LWB GTX,https://bestev4me.eu/ev-catalog/3636/volkswagen-id-buzz-lwb-gtx-2026
375.0,22.8,85.5,17,4.0,131300,ZDA,2016,Tesla,Model X P90D,https://bestev4me.eu/ev-catalog/1054/tesla-model-x-p90d-2016
375.0,22.8,85.5,17,3.4,142200,ZDA,2016,Tesla,Model X P90DL,https://bestev4me.eu/ev-catalog/1055/tesla-model-x-p90dl-2016
375.0,17.1,64.0,18,7.8,39090,Južna Koreja,2018,Kia,e-Niro 64 kWh,https://bestev4me.eu/ev-catalog/1125/kia-e-niro-64-kwh-2018
375.0,17.1,64.0,18,7.8,38105,Južna Koreja,2020,Kia,e-Niro 64 kWh,https://bestev4me.eu/ev-catalog/1260/kia-e-niro-64-kwh-2020
375.0,17.1,64.0,18,7.8,38105,Južna Koreja,2020,Kia,e-Niro 64 kWh,https://bestev4me.eu/ev-catalog/1338/kia-e-niro-64-kwh-2020
375.0,19.7,74.0,7,5.5,63200,Južna Koreja,2022,Genesis,GV60 Sport,https://bestev4me.eu/ev-catalog/1648/genesis-gv60-sport-2022
375.0,17.6,66.0,10,7.4,47295,Švedska,2022,Polestar,2 Standard Range Single Motor,https://bestev4me.eu/ev-catalog/1654/polestar-2-standard-range-single-motor-2022
375.0,18.7,70.0,16,6.9,56500,ZDA,2022,Ford,Mustang Mach-E SR RWD,https://bestev4me.eu/ev-catalog/1668/ford-mustang-mach-e-sr-rwd-2022
375.0,18.7,70.0,16,6.9,56500,ZDA,2022,Ford,Mustang Mach-E SR RWD,https://bestev4me.eu/ev-catalog/1753/ford-mustang-mach-e-sr-rwd-2022
380.0,15.8,60.0,10,7.2,40970,ZDA,2025,Tesla,Model Y RWD,https://bestev4me.eu/ev-catalog/3103/tesla-model-y-rwd-2025
375.0,18.4,69.0,11,5.1,50990,Japonska,2025,Toyota,bZ4X AWD 73.1 kWh,https://bestev4me.eu/ev-catalog/3135/toyota-bz4x-awd-731-kwh-2025
375.0,24.3,91.0,16,4.1,108809,ZDA,2025,Cadillac,VISTIQ 900 E4,https://bestev4me.eu/ev-catalog/3267/cadillac-vistiq-900-e4-2025
375.0,16.0,60.0,5,6.9,46600,Kitajska,2026,XPENG,P7+ RWD Standard Range,https://bestev4me.eu/ev-catalog/3431/xpeng-p7-rwd-standard-range-2026
375.0,15.5,58.0,12,9.6,34000,Južna Koreja,2026,Hyundai,IONIQ 3 61 kWh,https://bestev4me.eu/ev-catalog/3555/hyundai-ioniq-3-61-kwh-2026
370.0,21.6,80.0,14,5.1,69484,Nemčija,2019,Mercedes-Benz,EQC 400 4MATIC,https://bestev4me.eu/ev-catalog/1135/mercedes-benz-eqc-400-4matic-2019
370.0,17.3,64.0,19,7.9,36837,Južna Koreja,2020,Kia,e-Soul 64 kWh,https://bestev4me.eu/ev-catalog/1154/kia-e-soul-64-kwh-2020
370.0,17.3,64.0,19,7.9,36837,Južna Koreja,2020,Kia,e-Soul 64 kWh,https://bestev4me.eu/ev-catalog/1288/kia-e-soul-64-kwh-2020
370.0,21.6,80.0,14,5.1,66069,Nemčija,2020,Mercedes-Benz,EQC 400 4MATIC,https://bestev4me.eu/ev-catalog/1337/mercedes-benz-eqc-400-4matic-2020
370.0,18.9,70.0,7,7.4,45900,Južna Koreja,2021,Hyundai,IONIQ 5 Long Range 2WD,https://bestev4me.eu/ev-catalog/1478/hyundai-ioniq-5-long-range-2wd-2021
370.0,18.5,68.3,15,8.4,37990,Kitajska,2021,MG,ZS EV Long Range,https://bestev4me.eu/ev-catalog/1541/mg-zs-ev-long-range-2021
370.0,19.2,71.0,7,4.0,114559,Nemčija,2022,Porsche,Taycan 4S Sport Turismo,https://bestev4me.eu/ev-catalog/1623/porsche-taycan-4s-sport-turismo-2022
370.0,24.3,90.0,14,4.9,79995,Kitajska,2022,Hongqi,E-HS9 99 kWh,https://bestev4me.eu/ev-catalog/1747/hongqi-e-hs9-99-kwh-2022
370.0,17.3,64.0,19,7.9,47450,Južna Koreja,2022,Kia,e-Soul 64 kWh,https://bestev4me.eu/ev-catalog/1749/kia-e-soul-64-kwh-2022
370.0,19.7,73.0,14,9.7,51250,Francija,2024,Peugeot,e-5008 73 kWh,https://bestev4me.eu/ev-catalog/2149/peugeot-e-5008-73-kwh-2024
370.0,19.5,72.0,15,8.1,41990,Južna Koreja,2024,KGM,Torres EVX,https://bestev4me.eu/ev-catalog/2189/kgm-torres-evx-2024
370.0,21.4,79.0,11,7.6,60892,Nemčija,2024,Volkswagen,ID. Buzz NWB Pro,https://bestev4me.eu/ev-catalog/2232/volkswagen-id-buzz-nwb-pro-2024
370.0,19.7,73.0,14,9.0,46950,Nemčija,2024,Opel,Grandland Electric 73 kWh,https://bestev4me.eu/ev-catalog/3037/opel-grandland-electric-73-kwh-2024
370.0,15.9,59.0,10,8.1,46850,Češka,2025,Skoda,Enyaq Coupe 60,https://bestev4me.eu/ev-catalog/3099/skoda-enyaq-coupe-60-2025
475.0,20.2,96.0,6,6.5,50900,Nemčija,2025,Smart,#5 Pro,https://bestev4me.eu/ev-catalog/3141/smart-5-pro-2025
370.0,19.9,73.7,14,8.5,47900,ZDA,2025,Jeep,Compass Electric 74 kWh,https://bestev4me.eu/ev-catalog/3181/jeep-compass-electric-74-kwh-2025
370.0,19.7,73.0,14,8.9,42590,Francija,2025,Citroen,C5 Aircross Comfort Range,https://bestev4me.eu/ev-catalog/3230/citroen-c5-aircross-comfort-range-2025
370.0,18.6,69.0,11,5.1,45990,Japonska,2026,Subaru,Solterra AWD 73.1 kWh,https://bestev4me.eu/ev-catalog/3434/subaru-solterra-awd-731-kwh-2026
370.0,19.5,72.0,12,5.1,,Japonska,2026,Subaru,Uncharted 77 kWh AWD,https://bestev4me.eu/ev-catalog/3437/subaru-uncharted-77-kwh-awd-2026
370.0,19.2,71.0,12,4.5,,Japonska,2026,Subaru,E-Outback AWD,https://bestev4me.eu/ev-catalog/3506/subaru-e-outback-awd-2026
370.0,18.5,68.4,12,7.4,39990,Kitajska,2026,Geely,EX5 Pro+,https://bestev4me.eu/ev-catalog/3582/geely-ex5-pro-2026
370.0,15.9,59.0,11,7.9,,Nemčija,2026,Volkswagen,ID.7 59 kWh,https://bestev4me.eu/ev-catalog/3598/volkswagen-id7-59-kwh-2026
370.0,15.9,59.0,11,8.0,,Nemčija,2026,Volkswagen,ID.7 Tourer 59 kWh,https://bestev4me.eu/ev-catalog/3602/volkswagen-id7-tourer-59-kwh-2026
365.0,23.7,86.5,11,5.7,80900,Nemčija,2019,Audi,e-tron 55 quattro,https://bestev4me.eu/ev-catalog/1092/audi-e-tron-55-quattro-2019
365.0,18.6,68.0,16,6.9,47500,ZDA,2021,Ford,Mustang Mach-E SR RWD,https://bestev4me.eu/ev-catalog/1242/ford-mustang-mach-e-sr-rwd-2021
365.0,23.7,86.5,11,5.7,80900,Nemčija,2019,Audi,e-tron 55 quattro,https://bestev4me.eu/ev-catalog/1253/audi-e-tron-55-quattro-2019
365.0,23.7,86.5,11,5.7,81500,Nemčija,2020,Audi,e-tron 55 quattro,https://bestev4me.eu/ev-catalog/1355/audi-e-tron-55-quattro-2020
365.0,19.2,70.0,7,5.2,59550,Južna Koreja,2021,Hyundai,IONIQ 5 Project 45,https://bestev4me.eu/ev-catalog/1381/hyundai-ioniq-5-project-45-2021
365.0,19.2,70.0,7,5.2,49900,Južna Koreja,2021,Hyundai,IONIQ 5 Long Range AWD,https://bestev4me.eu/ev-catalog/1479/hyundai-ioniq-5-long-range-awd-2021
365.0,19.2,70.0,15,7.9,46990,Kitajska,2021,MG,Marvel R,https://bestev4me.eu/ev-catalog/1524/mg-marvel-r-2021
365.0,17.8,65.0,12,5.3,44990,Švedska,2023,Volvo,EX30 Single Motor ER,https://bestev4me.eu/ev-catalog/1910/volvo-ex30-single-motor-er-2023
365.0,20.1,73.5,12,4.5,65500,Kitajska,2023,NIO,EL6 Standard Range,https://bestev4me.eu/ev-catalog/1921/nio-el6-standard-range-2023
365.0,17.7,64.7,14,5.6,49500,Združeno kraljestvo,2024,Mini,Countryman SE ALL4,https://bestev4me.eu/ev-catalog/1995/mini-countryman-se-all4-2024
365.0,20.0,73.0,15,6.0,60000,Francija,2025,Peugeot,e-3008 73 kWh Dual Motor,https://bestev4me.eu/ev-catalog/2004/peugeot-e-3008-73-kwh-dual-motor-2025
365.0,17.9,65.3,9,6.9,43600,Kitajska,2024,XPENG,G6 RWD Standard Range,https://bestev4me.eu/ev-catalog/2181/xpeng-g6-rwd-standard-range-2024
365.0,16.2,59.0,10,7.6,36425,Nemčija,2024,Volkswagen,ID.3 Pro,https://bestev4me.eu/ev-catalog/2213/volkswagen-id3-pro-2024
365.0,16.8,61.4,15,7.5,46990,Kitajska,2025,BYD,SEAL 61.4 kWh RWD Comfort,https://bestev4me.eu/ev-catalog/3102/byd-seal-614-kwh-rwd-comfort-2025
365.0,15.1,55.0,12,7.4,41490,Južna Koreja,2025,Kia,EV4 Fastback 58.3 kWh,https://bestev4me.eu/ev-catalog/3121/kia-ev4-fastback-583-kwh-2025
365.0,17.0,62.1,13,6.3,42990,Kitajska,2025,MG,MGS5 EV 64 kWh,https://bestev4me.eu/ev-catalog/3147/mg-mgs5-ev-64-kwh-2025
365.0,22.1,80.6,15,9.2,41990,Južna Koreja,2025,KGM,Musso EV 2WD,https://bestev4me.eu/ev-catalog/3226/kgm-musso-ev-2wd-2025
365.0,18.6,68.0,10,5.5,44990,Kitajska,2025,Changan,Deepal S05 4WD Max,https://bestev4me.eu/ev-catalog/3368/changan-deepal-s05-4wd-max-2025
365.0,20.5,75.0,15,6.7,65000,ZDA,2025,Cadillac,OPTIQ 500 E4,https://bestev4me.eu/ev-catalog/3371/cadillac-optiq-500-e4-2025
365.0,22.1,80.6,15,9.2,41990,Južna Koreja,2026,KGM,Musso EV 2WD,https://bestev4me.eu/ev-catalog/3447/kgm-musso-ev-2wd-2026
365.0,17.8,65.0,12,8.3,,Švedska,2026,Volvo,EX30 P3 Long Range,https://bestev4me.eu/ev-catalog/3479/volvo-ex30-p3-long-range-2026
365.0,17.8,65.0,12,5.3,43490,Švedska,2026,Volvo,EX30 P5 Long Range,https://bestev4me.eu/ev-catalog/3480/volvo-ex30-p5-long-range-2026
365.0,16.8,61.4,15,7.5,47990,Kitajska,2026,BYD,SEAL 61.4 kWh RWD Comfort,https://bestev4me.eu/ev-catalog/3517/byd-seal-614-kwh-rwd-comfort-2026
365.0,15.9,58.0,12,8.0,39195,Nemčija,2026,Volkswagen,ID.3 Neo 58 kWh,https://bestev4me.eu/ev-catalog/3521/volkswagen-id3-neo-58-kwh-2026
365.0,21.6,79.0,12,7.3,56061,Nemčija,2026,Volkswagen,ID. Buzz NWB Pro,https://bestev4me.eu/ev-catalog/3631/volkswagen-id-buzz-nwb-pro-2026
360.0,18.5,66.5,12,8.9,47541,Nemčija,2021,Mercedes-Benz,EQA 250,https://bestev4me.eu/ev-catalog/1147/mercedes-benz-eqa-250-2021
360.0,20.8,75.0,14,4.7,57650,Švedska,2021,Volvo,C40 Recharge Twin Pure Electric,https://bestev4me.eu/ev-catalog/1421/volvo-c40-recharge-twin-pure-electric-2021
360.0,20.6,74.0,7,3.5,72990,Južna Koreja,2022,Kia,EV6 GT,https://bestev4me.eu/ev-catalog/1471/kia-ev6-gt-2022
360.0,19.7,71.0,14,6.1,77300,Nemčija,2021,BMW,iX xDrive40,https://bestev4me.eu/ev-catalog/1472/bmw-ix-xdrive40-2021
360.0,20.6,74.0,7,4.0,73100,Južna Koreja,2022,Genesis,GV60 Sport Plus,https://bestev4me.eu/ev-catalog/1649/genesis-gv60-sport-plus-2022
360.0,17.1,61.7,10,7.9,39990,Kitajska,2022,MG,MG4 Electric 64 kWh,https://bestev4me.eu/ev-catalog/1708/mg-mg4-electric-64-kwh-2022
360.0,23.3,84.0,15,9.2,68990,Kitajska,2023,Maxus,MIFA 9,https://bestev4me.eu/ev-catalog/1837/maxus-mifa-9-2023
360.0,18.1,65.0,12,5.6,,Kitajska,2023,Zeekr,X Long Range RWD,https://bestev4me.eu/ev-catalog/1936/zeekr-x-long-range-rwd-2023
360.0,19.9,71.8,18,9.3,41990,Kitajska,2024,BYD,SEAL U 71.8 kWh Comfort,https://bestev4me.eu/ev-catalog/2094/byd-seal-u-718-kwh-comfort-2024
360.0,18.6,67.0,12,7.3,52690,Švedska,2024,Volvo,EC40 Single Motor,https://bestev4me.eu/ev-catalog/2123/volvo-ec40-single-motor-2024
360.0,21.9,79.0,11,6.5,73102,Nemčija,2024,Volkswagen,ID. Buzz NWB GTX,https://bestev4me.eu/ev-catalog/2156/volkswagen-id-buzz-nwb-gtx-2024
360.0,20.4,73.5,12,4.1,94900,Kitajska,2024,NIO,EL8 Standard Range,https://bestev4me.eu/ev-catalog/2222/nio-el8-standard-range-2024
360.0,16.4,59.0,10,6.7,41450,Španija,2024,CUPRA,Born 170 kW - 59 kWh,https://bestev4me.eu/ev-catalog/2233/cupra-born-170-kw-59-kwh-2024
360.0,16.4,59.0,10,8.1,44400,Češka,2025,Skoda,Enyaq 60,https://bestev4me.eu/ev-catalog/3096/skoda-enyaq-60-2025
360.0,15.3,55.0,12,7.4,37590,Južna Koreja,2025,Kia,EV4 Hatchback 58.3 kWh,https://bestev4me.eu/ev-catalog/3123/kia-ev4-hatchback-583-kwh-2025
360.0,18.6,67.0,12,7.3,54390,Švedska,2025,Volvo,EC40 Single Motor,https://bestev4me.eu/ev-catalog/3154/volvo-ec40-single-motor-2025
360.0,18.1,65.0,12,5.6,43450,Kitajska,2025,Zeekr,X Long Range RWD,https://bestev4me.eu/ev-catalog/3198/zeekr-x-long-range-rwd-2025
360.0,22.4,80.6,15,8.0,45990,Južna Koreja,2025,KGM,Musso EV 4WD,https://bestev4me.eu/ev-catalog/3227/kgm-musso-ev-4wd-2025
360.0,18.1,65.0,11,8.0,32400,Kitajska,2025,Leapmotor,B10 67.1 kWh,https://bestev4me.eu/ev-catalog/3233/leapmotor-b10-671-kwh-2025
360.0,16.4,59.0,10,7.7,40450,Španija,2025,CUPRA,Born 150 kW - 59 kWh,https://bestev4me.eu/ev-catalog/3262/cupra-born-150-kw-59-kwh-2025
360.0,22.4,80.6,15,8.0,45990,Južna Koreja,2026,KGM,Musso EV 4WD,https://bestev4me.eu/ev-catalog/3448/kgm-musso-ev-4wd-2026
360.0,17.1,61.7,10,7.5,42990,Kitajska,2026,MG,MG4 Premium Long Range,https://bestev4me.eu/ev-catalog/3467/mg-mg4-premium-long-range-2026
360.0,16.1,58.0,12,8.0,39990,Španija,2026,CUPRA,Born 140 kW - 58 kWh,https://bestev4me.eu/ev-catalog/3511/cupra-born-140-kw-58-kwh-2026
360.0,16.1,58.0,12,8.1,48450,Češka,2026,Skoda,Enyaq Coupe 60,https://bestev4me.eu/ev-catalog/3573/skoda-enyaq-coupe-60-2026
360.0,19.0,68.4,12,7.6,42990,Kitajska,2026,Geely,EX5 Max+,https://bestev4me.eu/ev-catalog/3583/geely-ex5-max-2026
360.0,21.9,79.0,12,6.1,60821,Nemčija,2026,Volkswagen,ID. Buzz NWB Pro 4MOTION,https://bestev4me.eu/ev-catalog/3632/volkswagen-id-buzz-nwb-pro-4motion-2026
360.0,21.9,79.0,12,6.1,68223,Nemčija,2026,Volkswagen,ID. Buzz NWB GTX,https://bestev4me.eu/ev-catalog/3633/volkswagen-id-buzz-nwb-gtx-2026
360.0,15.3,55.0,12,7.4,37590,Južna Koreja,2026,Kia,EV4 Hatchback 58.3 kWh,https://bestev4me.eu/ev-catalog/3668/kia-ev4-hatchback-583-kwh-2026
355.0,19.4,69.0,14,5.4,88200,ZDA,2016,Tesla,Model S 70D,https://bestev4me.eu/ev-catalog/1062/tesla-model-s-70d-2016
355.0,20.4,72.5,17,4.8,91700,ZDA,2019,Tesla,Model X Standard Range,https://bestev4me.eu/ev-catalog/1197/tesla-model-x-standard-range-2019
355.0,24.3,86.4,15,4.6,71400,Kitajska,2022,BYD,TANG,https://bestev4me.eu/ev-catalog/1783/byd-tang-2022
355.0,20.7,73.5,13,3.9,85900,Kitajska,2022,NIO,EL7 Standard Range,https://bestev4me.eu/ev-catalog/1788/nio-el7-standard-range-2022
355.0,18.6,66.0,11,7.3,47500,Švedska,2022,Volvo,C40 Recharge Single Motor,https://bestev4me.eu/ev-catalog/1799/volvo-c40-recharge-single-motor-2022
355.0,18.3,65.0,12,3.8,,Kitajska,2023,Zeekr,X Privilege AWD,https://bestev4me.eu/ev-catalog/1937/zeekr-x-privilege-awd-2023
355.0,17.5,62.0,13,5.8,43490,Nemčija,2024,Smart,#3 Pro+,https://bestev4me.eu/ev-catalog/1999/smart-3-pro-2024
355.0,17.5,62.0,13,5.8,46490,Nemčija,2024,Smart,#3 Premium,https://bestev4me.eu/ev-catalog/2054/smart-3-premium-2024
355.0,20.6,73.0,15,6.5,62500,Francija,2025,Peugeot,e-5008 73 kWh Dual Motor,https://bestev4me.eu/ev-catalog/2150/peugeot-e-5008-73-kwh-dual-motor-2025
355.0,18.0,64.0,12,8.0,55590,Japonska,2023,Lexus,RZ 300e,https://bestev4me.eu/ev-catalog/3027/lexus-rz-300e-2023
355.0,19.7,69.9,19,7.5,37600,Kitajska,2024,Leapmotor,C10 RWD 69.9 kWh,https://bestev4me.eu/ev-catalog/3040/leapmotor-c10-rwd-699-kwh-2024
355.0,17.5,62.0,13,5.5,35995,Kitajska,2024,Lynk&amp;Co,02,https://bestev4me.eu/ev-catalog/3045/lynkco-02-2024
355.0,18.3,65.0,12,3.8,48450,Kitajska,2025,Zeekr,X Privilege AWD,https://bestev4me.eu/ev-catalog/3199/zeekr-x-privilege-awd-2025
355.0,20.6,73.0,15,6.1,51750,Nemčija,2025,Opel,Grandland Electric 73 kWh AWD,https://bestev4me.eu/ev-catalog/3201/opel-grandland-electric-73-kwh-awd-2025
355.0,16.6,59.0,11,8.1,49450,Nemčija,2026,Audi,Q4 Sportback e-tron,https://bestev4me.eu/ev-catalog/3591/audi-q4-sportback-e-tron-2026
355.0,16.6,59.0,11,8.4,49900,Češka,2026,Skoda,Peaq 60,https://bestev4me.eu/ev-catalog/3658/skoda-peaq-60-2026
350.0,19.0,66.5,13,5.4,83500,ZDA,2015,Tesla,Model S 70D,https://bestev4me.eu/ev-catalog/1033/tesla-model-s-70d-2015
350.0,16.6,58.0,14,9.6,34995,Nemčija,2020,Volkswagen,ID.3 Pro,https://bestev4me.eu/ev-catalog/1202/volkswagen-id3-pro-2020
350.0,16.6,58.0,14,7.3,38987,Nemčija,2020,Volkswagen,ID.3 1st,https://bestev4me.eu/ev-catalog/1300/volkswagen-id3-1st-2020
350.0,16.6,58.0,14,7.3,36495,Nemčija,2020,Volkswagen,ID.3 Pro Performance,https://bestev4me.eu/ev-catalog/1306/volkswagen-id3-pro-performance-2020
350.0,15.0,52.5,10,5.6,45560,ZDA,2020,Tesla,Model 3 Standard Range Plus,https://bestev4me.eu/ev-catalog/1320/tesla-model-3-standard-range-plus-2020
350.0,20.0,70.0,16,4.9,50990,Kitajska,2021,MG,Marvel R Performance,https://bestev4me.eu/ev-catalog/1475/mg-marvel-r-performance-2021
350.0,14.6,51.0,11,5.6,45560,ZDA,2021,Tesla,Model 3 Standard Range Plus,https://bestev4me.eu/ev-catalog/1485/tesla-model-3-standard-range-plus-2021
350.0,19.0,66.5,13,7.7,53746,Nemčija,2021,Mercedes-Benz,EQA 300 4MATIC,https://bestev4me.eu/ev-catalog/1495/mercedes-benz-eqa-300-4matic-2021
350.0,19.0,66.5,13,6.0,56424,Nemčija,2021,Mercedes-Benz,EQA 350 4MATIC,https://bestev4me.eu/ev-catalog/1496/mercedes-benz-eqa-350-4matic-2021
350.0,16.6,58.0,14,7.3,39370,Španija,2021,CUPRA,Born 150 kW - 58 kWh,https://bestev4me.eu/ev-catalog/1516/cupra-born-150-kw-58-kwh-2021
350.0,16.6,58.0,14,9.6,35460,Nemčija,2021,Volkswagen,ID.3 Pro,https://bestev4me.eu/ev-catalog/1531/volkswagen-id3-pro-2021
350.0,16.6,58.0,14,7.3,43995,Nemčija,2021,Volkswagen,ID.3 Pro Performance,https://bestev4me.eu/ev-catalog/1532/volkswagen-id3-pro-performance-2021
350.0,18.3,64.0,14,7.5,42900,Japonska,2022,Toyota,bZ4X FWD,https://bestev4me.eu/ev-catalog/1564/toyota-bz4x-fwd-2022
350.0,21.4,75.0,14,4.9,56150,Švedska,2022,Volvo,XC40 Recharge Twin Pure Electric,https://bestev4me.eu/ev-catalog/1593/volvo-xc40-recharge-twin-pure-electric-2022
350.0,18.3,64.0,14,5.6,67890,Japonska,2023,Lexus,RZ 450e,https://bestev4me.eu/ev-catalog/1677/lexus-rz-450e-2023
350.0,20.3,71.0,13,7.4,43900,ZDA,2023,Fisker,Ocean Sport,https://bestev4me.eu/ev-catalog/1709/fisker-ocean-sport-2023
350.0,21.1,74.0,7,4.2,67300,Južna Koreja,2022,Genesis,GV70 Electrified Sport,https://bestev4me.eu/ev-catalog/1725/genesis-gv70-electrified-sport-2022
350.0,17.1,60.0,15,7.0,47588,Kitajska,2022,Aiways,U6,https://bestev4me.eu/ev-catalog/1766/aiways-u6-2022
350.0,16.6,58.0,13,7.3,39995,Nemčija,2023,Volkswagen,ID.3 Pro,https://bestev4me.eu/ev-catalog/1831/volkswagen-id3-pro-2023
350.0,20.9,73.0,9,8.5,61990,Južna Koreja,2024,Kia,EV9 76.1 kWh RWD,https://bestev4me.eu/ev-catalog/1833/kia-ev9-761-kwh-rwd-2024
350.0,17.3,60.5,18,7.0,32990,Kitajska,2023,BYD,DOLPHIN 60.4 kWh,https://bestev4me.eu/ev-catalog/1919/byd-dolphin-604-kwh-2023
350.0,19.0,66.5,12,7.7,53520,Nemčija,2023,Mercedes-Benz,EQA 300 4MATIC,https://bestev4me.eu/ev-catalog/1986/mercedes-benz-eqa-300-4matic-2023
350.0,19.0,66.5,12,6.0,56424,Nemčija,2023,Mercedes-Benz,EQA 350 4MATIC,https://bestev4me.eu/ev-catalog/1987/mercedes-benz-eqa-350-4matic-2023
350.0,17.7,62.0,13,3.7,50990,Nemčija,2024,Smart,#3 Brabus,https://bestev4me.eu/ev-catalog/2000/smart-3-brabus-2024
350.0,20.7,72.6,14,6.2,57900,ZDA,2023,Ford,Mustang Mach-E SR AWD,https://bestev4me.eu/ev-catalog/2036/ford-mustang-mach-e-sr-awd-2023
350.0,18.4,64.3,16,8.2,41990,Kitajska,2024,GWM,ORA 07 Pure,https://bestev4me.eu/ev-catalog/2245/gwm-ora-07-pure-2024
350.0,18.4,64.3,16,8.2,44490,Kitajska,2024,GWM,ORA 07 Pro,https://bestev4me.eu/ev-catalog/2246/gwm-ora-07-pro-2024
350.0,20.7,72.6,14,6.2,57900,ZDA,2024,Ford,Mustang Mach-E SR AWD,https://bestev4me.eu/ev-catalog/2276/ford-mustang-mach-e-sr-awd-2024
350.0,16.9,59.0,10,8.0,38680,Češka,2024,Skoda,Elroq 60,https://bestev4me.eu/ev-catalog/3032/skoda-elroq-60-2024
350.0,16.7,58.3,14,7.2,46300,Francija,2024,Peugeot,e-408 58 kWh,https://bestev4me.eu/ev-catalog/3066/peugeot-e-408-58-kwh-2024
350.0,16.7,58.3,14,7.1,45900,Francija,2025,DS,N°4 E-Tense,https://bestev4me.eu/ev-catalog/3200/ds-n4-e-tense-2025
350.0,17.3,60.5,15,7.0,34640,Kitajska,2025,BYD,DOLPHIN 60.4 kWh,https://bestev4me.eu/ev-catalog/3297/byd-dolphin-604-kwh-2025
350.0,16.6,58.0,12,8.0,42400,ZDA,2026,Ford,Capri Standard Range RWD,https://bestev4me.eu/ev-catalog/3445/ford-capri-standard-range-rwd-2026
350.0,18.6,65.0,12,5.4,48990,Švedska,2026,Volvo,EX30 Cross Country P5 Long Range,https://bestev4me.eu/ev-catalog/3482/volvo-ex30-cross-country-p5-long-range-2026
350.0,16.6,58.0,12,8.4,43360,Nemčija,2026,Volkswagen,ID.5 Pure,https://bestev4me.eu/ev-catalog/3499/volkswagen-id5-pure-2026
350.0,16.6,58.0,12,8.6,42990,Češka,2026,Skoda,Enyaq 60,https://bestev4me.eu/ev-catalog/3569/skoda-enyaq-60-2026
350.0,18.6,65.0,11,3.7,47990,Kitajska,2026,Zeekr,X Privilege AWD,https://bestev4me.eu/ev-catalog/3586/zeekr-x-privilege-awd-2026
350.0,16.6,58.0,12,8.0,42400,ZDA,2026,Ford,Capri Standard Range RWD,https://bestev4me.eu/ev-catalog/3647/ford-capri-standard-range-rwd-2026
350.0,16.3,57.0,9,7.5,35600,Kitajska,2026,XPENG,L03 RWD Standard Range,https://bestev4me.eu/ev-catalog/3676/xpeng-l03-rwd-standard-range-2026
345.0,20.0,69.0,14,5.8,82700,ZDA,2016,Tesla,Model S 70,https://bestev4me.eu/ev-catalog/1061/tesla-model-s-70-2016
345.0,18.0,62.0,12,5.8,69019,ZDA,2016,Tesla,Model S 60,https://bestev4me.eu/ev-catalog/1072/tesla-model-s-60-2016
345.0,18.0,62.0,12,5.4,74719,ZDA,2016,Tesla,Model S 60D,https://bestev4me.eu/ev-catalog/1073/tesla-model-s-60d-2016
345.0,17.1,59.0,25,7.3,37550,Japonska,2019,Nissan,LEAF e+ 62 kWh,https://bestev4me.eu/ev-catalog/1144/nissan-leaf-e-62-kwh-2019
345.0,17.7,61.0,15,7.4,45500,Švedska,2021,Polestar,2 Standard Range Single Motor,https://bestev4me.eu/ev-catalog/1486/polestar-2-standard-range-single-motor-2021
345.0,16.8,58.0,15,6.6,40750,Španija,2022,CUPRA,Born 170 kW - 58 kWh,https://bestev4me.eu/ev-catalog/1517/cupra-born-170-kw-58-kwh-2022
345.0,18.6,64.0,14,6.9,50490,Japonska,2022,Toyota,bZ4X AWD,https://bestev4me.eu/ev-catalog/1565/toyota-bz4x-awd-2022
345.0,16.8,58.0,15,8.8,,Češka,2022,Skoda,Enyaq Coupe iV 60,https://bestev4me.eu/ev-catalog/1628/skoda-enyaq-coupe-iv-60-2022
345.0,22.3,77.0,13,10.2,64581,Nemčija,2022,Volkswagen,ID. Buzz Pro,https://bestev4me.eu/ev-catalog/1651/volkswagen-id-buzz-pro-2022
345.0,20.3,70.0,18,6.3,62250,ZDA,2022,Ford,Mustang Mach-E SR AWD,https://bestev4me.eu/ev-catalog/1670/ford-mustang-mach-e-sr-awd-2022
345.0,16.5,57.0,10,6.9,45970,ZDA,2022,Tesla,Model Y RWD,https://bestev4me.eu/ev-catalog/1743/tesla-model-y-rwd-2022
345.0,20.3,70.0,18,6.3,62250,ZDA,2022,Ford,Mustang Mach-E SR AWD,https://bestev4me.eu/ev-catalog/1755/ford-mustang-mach-e-sr-awd-2022
345.0,16.5,57.0,10,6.9,45970,ZDA,2022,Tesla,Model Y RWD,https://bestev4me.eu/ev-catalog/1974/tesla-model-y-rwd-2022
345.0,19.3,66.5,12,8.0,55519,Nemčija,2023,Mercedes-Benz,EQB 300 4MATIC,https://bestev4me.eu/ev-catalog/1989/mercedes-benz-eqb-300-4matic-2023
345.0,19.3,66.5,12,6.2,58197,Nemčija,2023,Mercedes-Benz,EQB 350 4MATIC,https://bestev4me.eu/ev-catalog/1990/mercedes-benz-eqb-350-4matic-2023
345.0,16.8,58.0,14,8.8,46850,Češka,2023,Skoda,Enyaq Coupe 60,https://bestev4me.eu/ev-catalog/2023/skoda-enyaq-coupe-60-2023
345.0,19.4,67.0,13,7.3,49990,Švedska,2024,Volvo,EX40 Single Motor,https://bestev4me.eu/ev-catalog/2120/volvo-ex40-single-motor-2024
345.0,17.4,60.0,8,8.5,43900,Južna Koreja,2024,Hyundai,IONIQ 5 63 kWh RWD,https://bestev4me.eu/ev-catalog/2235/hyundai-ioniq-5-63-kwh-rwd-2024
345.0,17.4,60.0,8,8.7,44990,Južna Koreja,2024,Kia,EV6 Standard Range 2WD,https://bestev4me.eu/ev-catalog/3030/kia-ev6-standard-range-2wd-2024
345.0,19.4,67.0,13,7.3,49990,Švedska,2025,Volvo,EX40 Single Motor,https://bestev4me.eu/ev-catalog/3158/volvo-ex40-single-motor-2025
345.0,16.1,55.4,14,9.3,42435,Francija,2025,Peugeot,e-308 58 kWh,https://bestev4me.eu/ev-catalog/3321/peugeot-e-308-58-kwh-2025
345.0,16.1,55.4,14,9.3,37990,Nemčija,2026,Opel,Astra Electric 58 kWh,https://bestev4me.eu/ev-catalog/3450/opel-astra-electric-58-kwh-2026
345.0,16.9,58.3,14,7.2,46300,Francija,2026,Peugeot,e-408 58 kWh,https://bestev4me.eu/ev-catalog/3465/peugeot-e-408-58-kwh-2026
345.0,18.8,65.0,12,3.6,54190,Švedska,2026,Volvo,EX30 P8 AWD,https://bestev4me.eu/ev-catalog/3481/volvo-ex30-p8-awd-2026
345.0,16.8,58.0,12,8.5,37390,Češka,2026,Skoda,Elroq 60,https://bestev4me.eu/ev-catalog/3565/skoda-elroq-60-2026
345.0,16.8,58.0,12,8.6,49900,Španija,2026,CUPRA,Tavascan 140 kW - 58 kWh,https://bestev4me.eu/ev-catalog/3608/cupra-tavascan-140-kw-58-kwh-2026
340.0,19.6,66.5,14,5.8,78000,ZDA,2015,Tesla,Model S 70,https://bestev4me.eu/ev-catalog/1030/tesla-model-s-70-2015
340.0,17.1,58.0,15,8.7,42100,Češka,2021,Skoda,Enyaq iV 60,https://bestev4me.eu/ev-catalog/1279/skoda-enyaq-iv-60-2021
340.0,19.6,66.5,13,6.2,58197,Nemčija,2022,Mercedes-Benz,EQB 350 4MATIC,https://bestev4me.eu/ev-catalog/1493/mercedes-benz-eqb-350-4matic-2022
340.0,16.9,57.4,21,7.7,,Kitajska,2020,MG,MG5 EV Long Range,https://bestev4me.eu/ev-catalog/1526/mg-mg5-ev-long-range-2020
340.0,19.6,66.5,13,8.0,55519,Nemčija,2022,Mercedes-Benz,EQB 300 4MATIC,https://bestev4me.eu/ev-catalog/1559/mercedes-benz-eqb-300-4matic-2022
340.0,17.4,59.0,25,6.9,41100,Japonska,2022,Nissan,LEAF e+ 62 kWh,https://bestev4me.eu/ev-catalog/1657/nissan-leaf-e-62-kwh-2022
340.0,19.4,66.0,12,7.3,47500,Švedska,2022,Volvo,XC40 Recharge Single Motor,https://bestev4me.eu/ev-catalog/1796/volvo-xc40-recharge-single-motor-2022
340.0,17.4,59.3,21,8.2,44490,Kitajska,2023,ORA,Funky Cat 63 kWh,https://bestev4me.eu/ev-catalog/1814/ora-funky-cat-63-kwh-2023
340.0,19.1,65.0,12,3.6,51690,Švedska,2023,Volvo,EX30 Twin Motor Performance,https://bestev4me.eu/ev-catalog/1911/volvo-ex30-twin-motor-performance-2023
340.0,18.8,64.0,36,7.5,,Japonska,2023,Lexus,UX 300e,https://bestev4me.eu/ev-catalog/1943/lexus-ux-300e-2023
340.0,17.6,60.0,14,8.6,41400,Francija,2023,Renault,Scenic E-Tech EV60 170hp,https://bestev4me.eu/ev-catalog/2068/renault-scenic-e-tech-ev60-170hp-2023
340.0,17.4,59.3,21,8.2,32490,Kitajska,2024,GWM,ORA 03 63 kWh,https://bestev4me.eu/ev-catalog/2092/gwm-ora-03-63-kwh-2024
340.0,17.4,59.0,11,8.1,48150,Nemčija,2025,Audi,Q4 Sportback e-tron 40,https://bestev4me.eu/ev-catalog/3149/audi-q4-sportback-e-tron-40-2025
340.0,17.8,60.5,16,7.3,38990,Kitajska,2025,BYD,ATTO 3,https://bestev4me.eu/ev-catalog/3192/byd-atto-3-2025
340.0,17.6,60.0,14,8.6,40400,Francija,2025,Renault,Scenic E-Tech EV60 170hp,https://bestev4me.eu/ev-catalog/3218/renault-scenic-e-tech-ev60-170hp-2025
340.0,19.1,64.8,13,7.9,41990,Kitajska,2025,BYD,ATTO 2 64.8 kWh,https://bestev4me.eu/ev-catalog/3268/byd-atto-2-648-kwh-2025
340.0,19.7,67.0,17,10.6,42390,Južna Koreja,2025,Kia,PV5 Passenger 71.2 kWh,https://bestev4me.eu/ev-catalog/3289/kia-pv5-passenger-712-kwh-2025
340.0,16.3,55.4,14,9.5,43435,Francija,2025,Peugeot,e-308 SW 58 kWh,https://bestev4me.eu/ev-catalog/3322/peugeot-e-308-sw-58-kwh-2025
340.0,17.1,58.0,13,9.5,33490,Južna Koreja,2026,Kia,EV2 61 kWh,https://bestev4me.eu/ev-catalog/3491/kia-ev2-61-kwh-2026
340.0,17.1,58.0,12,8.5,40580,Nemčija,2026,Volkswagen,ID.4 Pure,https://bestev4me.eu/ev-catalog/3495/volkswagen-id4-pure-2026
340.0,17.4,59.0,12,8.1,47500,Nemčija,2026,Audi,Q4 e-tron,https://bestev4me.eu/ev-catalog/3587/audi-q4-e-tron-2026
335.0,17.3,58.0,30,7.3,42990,Nemčija,2017,Opel,Ampera-e,https://bestev4me.eu/ev-catalog/1051/opel-ampera-e-2017
335.0,21.6,72.5,18,5.2,93500,ZDA,2016,Tesla,Model X 75D,https://bestev4me.eu/ev-catalog/1052/tesla-model-x-75d-2016
335.0,22.4,75.0,15,4.9,60437,Švedska,2020,Volvo,XC40 P8 AWD Recharge,https://bestev4me.eu/ev-catalog/1188/volvo-xc40-p8-awd-recharge-2020
335.0,20.3,68.0,18,6.3,54750,ZDA,2021,Ford,Mustang Mach-E SR AWD,https://bestev4me.eu/ev-catalog/1244/ford-mustang-mach-e-sr-awd-2021
335.0,25.8,86.5,12,4.5,96050,Nemčija,2020,Audi,e-tron S Sportback,https://bestev4me.eu/ev-catalog/1272/audi-e-tron-s-sportback-2020
335.0,18.8,63.0,18,7.5,43490,Japonska,2022,Nissan,Ariya 63kWh,https://bestev4me.eu/ev-catalog/1301/nissan-ariya-63kwh-2022
335.0,17.1,57.4,19,7.7,38490,Kitajska,2022,MG,MG5 Electric Long Range,https://bestev4me.eu/ev-catalog/1474/mg-mg5-electric-long-range-2022
335.0,22.4,75.0,15,4.9,59250,Švedska,2021,Volvo,XC40 Recharge Twin Pure Electric,https://bestev4me.eu/ev-catalog/1520/volvo-xc40-recharge-twin-pure-electric-2021
335.0,20.0,67.0,12,7.4,48850,Švedska,2022,Volvo,C40 Recharge Pure Electric,https://bestev4me.eu/ev-catalog/1655/volvo-c40-recharge-pure-electric-2022
335.0,18.5,62.0,14,6.7,42490,Nemčija,2023,Smart,#1 Pro+,https://bestev4me.eu/ev-catalog/1667/smart-1-pro-2023
335.0,14.9,50.0,8,8.8,43900,Južna Koreja,2023,Hyundai,IONIQ 6 Standard Range 2WD,https://bestev4me.eu/ev-catalog/1717/hyundai-ioniq-6-standard-range-2wd-2023
335.0,18.5,61.9,20,7.6,,Japonska,2023,Honda,e:Ny1,https://bestev4me.eu/ev-catalog/1940/honda-eny1-2023
335.0,17.3,58.0,14,8.7,44200,Češka,2023,Skoda,Enyaq 60,https://bestev4me.eu/ev-catalog/2019/skoda-enyaq-60-2023
335.0,18.5,62.0,14,6.7,44990,Nemčija,2023,Smart,#1 Premium,https://bestev4me.eu/ev-catalog/2053/smart-1-premium-2023
335.0,15.5,52.0,14,8.0,32900,Francija,2024,Renault,5 E-Tech 52kWh 150hp,https://bestev4me.eu/ev-catalog/2135/renault-5-e-tech-52kwh-150hp-2024
335.0,18.5,62.0,14,6.7,39990,Nemčija,2024,Smart,#1 Pure+,https://bestev4me.eu/ev-catalog/2218/smart-1-pure-2024
335.0,15.2,50.8,12,9.1,34800,Francija,2024,Citroen,ë-C4 X 54 kWh,https://bestev4me.eu/ev-catalog/3050/citroen-e-c4-x-54-kwh-2024
335.0,19.4,65.0,12,3.7,57290,Švedska,2025,Volvo,EX30 Cross Country,https://bestev4me.eu/ev-catalog/3118/volvo-ex30-cross-country-2025
335.0,15.2,50.8,12,8.1,31490,Nemčija,2025,Opel,Corsa Electric 54 kWh,https://bestev4me.eu/ev-catalog/3221/opel-corsa-electric-54-kwh-2025
335.0,15.2,50.8,12,8.2,37525,Francija,2025,Peugeot,e-208 54 kWh,https://bestev4me.eu/ev-catalog/3223/peugeot-e-208-54-kwh-2025
335.0,17.3,58.0,12,8.0,39900,ZDA,2026,Ford,Explorer Standard Range RWD,https://bestev4me.eu/ev-catalog/3446/ford-explorer-standard-range-rwd-2026
335.0,16.5,55.4,15,9.5,39490,Nemčija,2026,Opel,Astra Sports Tourer Electric 58 kWh,https://bestev4me.eu/ev-catalog/3451/opel-astra-sports-tourer-electric-58-kwh-2026
335.0,19.4,65.0,12,3.7,55790,Švedska,2026,Volvo,EX30 Cross Country P8 AWD,https://bestev4me.eu/ev-catalog/3483/volvo-ex30-cross-country-p8-awd-2026
335.0,15.4,51.7,11,7.1,33795,Nemčija,2026,Volkswagen,ID. Polo 155 kW - 52 kWh,https://bestev4me.eu/ev-catalog/3581/volkswagen-id-polo-155-kw-52-kwh-2026
335.0,17.3,58.0,12,8.0,39900,ZDA,2026,Ford,Explorer Standard Range RWD,https://bestev4me.eu/ev-catalog/3644/ford-explorer-standard-range-rwd-2026
335.0,20.0,67.0,17,10.6,45440,Južna Koreja,2026,Kia,PV5 Passenger 71.2 kWh - 7 Seats,https://bestev4me.eu/ev-catalog/3671/kia-pv5-passenger-712-kwh-7-seats-2026
330.0,20.3,67.0,12,7.4,45080,Švedska,2022,Volvo,XC40 Recharge Pure Electric,https://bestev4me.eu/ev-catalog/1592/volvo-xc40-recharge-pure-electric-2022
330.0,26.2,86.5,12,4.5,96050,Nemčija,2021,Audi,e-tron S Sportback,https://bestev4me.eu/ev-catalog/1659/audi-e-tron-s-sportback-2021
330.0,18.3,60.5,17,7.3,37990,Kitajska,2022,BYD,ATTO 3,https://bestev4me.eu/ev-catalog/1782/byd-atto-3-2022
330.0,18.0,59.3,22,8.2,49490,Kitajska,2023,ORA,Funky Cat GT,https://bestev4me.eu/ev-catalog/1815/ora-funky-cat-gt-2023
330.0,15.4,50.8,13,9.2,35925,Francija,2023,Citroen,ë-C4 54 kWh,https://bestev4me.eu/ev-catalog/1938/citroen-e-c4-54-kwh-2023
330.0,15.4,50.8,13,9.3,36325,Francija,2023,Citroen,ë-C4 X 54 kWh,https://bestev4me.eu/ev-catalog/1939/citroen-e-c4-x-54-kwh-2023
330.0,14.9,49.2,13,6.7,36900,Združeno kraljestvo,2023,Mini,Cooper SE,https://bestev4me.eu/ev-catalog/1998/mini-cooper-se-2023
330.0,17.8,58.9,15,7.6,,Kitajska,2024,Omoda,E5,https://bestev4me.eu/ev-catalog/3046/omoda-e5-2024
330.0,15.8,52.0,14,8.0,32990,Japonska,2025,Nissan,Micra Extended Range 52 kWh,https://bestev4me.eu/ev-catalog/3203/nissan-micra-extended-range-52-kwh-2025
330.0,18.1,59.8,20,8.7,38990,Japonska,2025,Toyota,Urban Cruiser 61.1 kWh,https://bestev4me.eu/ev-catalog/3209/toyota-urban-cruiser-611-kwh-2025
330.0,18.1,59.8,20,8.7,36490,Japonska,2025,Suzuki,e VITARA 61 kWh 2WD,https://bestev4me.eu/ev-catalog/3212/suzuki-e-vitara-61-kwh-2wd-2025
370.0,18.5,68.4,12,7.4,39990,Kitajska,2026,Geely,EX5 Pro,https://bestev4me.eu/ev-catalog/3308/geely-ex5-pro-2026
330.0,16.0,52.9,15,8.3,35950,Japonska,2026,Nissan,LEAF Standard Range 52 kWh,https://bestev4me.eu/ev-catalog/3365/nissan-leaf-standard-range-52-kwh-2026
330.0,15.7,51.7,11,7.1,34790,Španija,2026,CUPRA,Raval 155 kW - 52 kWh,https://bestev4me.eu/ev-catalog/3509/cupra-raval-155-kw-52-kwh-2026
330.0,18.2,60.0,15,7.3,28000,Kitajska,2026,GAC,AION UT 60 kWh,https://bestev4me.eu/ev-catalog/3518/gac-aion-ut-60-kwh-2026
325.0,19.1,62.0,14,3.9,48990,Nemčija,2023,Smart,#1 Brabus,https://bestev4me.eu/ev-catalog/1748/smart-1-brabus-2023
325.0,19.1,62.0,14,4.5,46490,Nemčija,2023,Smart,#1 Pulse,https://bestev4me.eu/ev-catalog/1920/smart-1-pulse-2023
325.0,18.2,59.3,23,8.2,37490,Kitajska,2024,GWM,ORA 03 GT,https://bestev4me.eu/ev-catalog/2093/gwm-ora-03-gt-2024
325.0,27.7,90.0,19,12.1,72043,Nemčija,2024,Mercedes-Benz,eVito Tourer Long 90 kWh,https://bestev4me.eu/ev-catalog/2140/mercedes-benz-evito-tourer-long-90-kwh-2024
325.0,16.9,55.0,14,7.5,35990,Južna Koreja,2024,Kia,EV3 Standard Range,https://bestev4me.eu/ev-catalog/2211/kia-ev3-standard-range-2024
325.0,16.0,52.0,12,8.2,33330,Nemčija,2024,Volkswagen,ID.3 Pure,https://bestev4me.eu/ev-catalog/2214/volkswagen-id3-pure-2024
325.0,15.6,50.8,13,9.1,34100,Francija,2024,Citroen,ë-C4 54 kWh,https://bestev4me.eu/ev-catalog/3048/citroen-e-c4-54-kwh-2024
325.0,20.9,68.0,28,9.6,,Kitajska,2024,Skywell,BE11 Standard Range,https://bestev4me.eu/ev-catalog/3064/skywell-be11-standard-range-2024
325.0,18.2,59.0,11,8.1,46150,Nemčija,2025,Audi,Q4 e-tron 40,https://bestev4me.eu/ev-catalog/3148/audi-q4-e-tron-40-2025
325.0,15.6,50.8,13,8.2,,Italija,2025,Lancia,Ypsilon 54 kWh,https://bestev4me.eu/ev-catalog/3224/lancia-ypsilon-54-kwh-2025
325.0,18.1,58.9,15,7.7,,Kitajska,2025,Jaecoo,5 EV,https://bestev4me.eu/ev-catalog/3336/jaecoo-5-ev-2025
325.0,16.6,54.0,13,8.3,41990,Japonska,2025,Toyota,C-HR+ 57.7 kWh,https://bestev4me.eu/ev-catalog/3393/toyota-c-hr-577-kwh-2025
325.0,19.0,61.7,14,3.8,46990,Kitajska,2026,MG,MG4 XPOWER,https://bestev4me.eu/ev-catalog/3469/mg-mg4-xpower-2026
325.0,16.9,55.0,14,7.5,35990,Južna Koreja,2026,Kia,EV3 Standard Range,https://bestev4me.eu/ev-catalog/3637/kia-ev3-standard-range-2026
320.0,15.3,49.0,12,5.6,46380,ZDA,2019,Tesla,Model 3 Standard Range Plus,https://bestev4me.eu/ev-catalog/1177/tesla-model-3-standard-range-plus-2019
320.0,27.0,86.5,12,4.5,93800,Nemčija,2020,Audi,e-tron S,https://bestev4me.eu/ev-catalog/1271/audi-e-tron-s-2020
320.0,20.0,64.0,15,6.9,57490,Japonska,2022,Subaru,Solterra AWD,https://bestev4me.eu/ev-catalog/1567/subaru-solterra-awd-2022
320.0,27.0,86.5,12,4.5,93800,Nemčija,2021,Audi,e-tron S,https://bestev4me.eu/ev-catalog/1658/audi-e-tron-s-2021
320.0,23.9,76.5,14,6.5,,Kitajska,2022,Hongqi,E-HS9 84 kWh,https://bestev4me.eu/ev-catalog/1746/hongqi-e-hs9-84-kwh-2022
320.0,19.3,61.7,12,3.8,46990,Kitajska,2023,MG,MG4 Electric XPOWER,https://bestev4me.eu/ev-catalog/1944/mg-mg4-electric-xpower-2023
320.0,28.1,90.0,19,12.1,62010,Nemčija,2024,Mercedes-Benz,EQV 300 Long,https://bestev4me.eu/ev-catalog/2131/mercedes-benz-eqv-300-long-2024
320.0,15.9,50.8,13,9.0,39500,Italija,2024,Alfa Romeo,Junior Elettrica 54 kWh,https://bestev4me.eu/ev-catalog/2184/alfa-romeo-junior-elettrica-54-kwh-2024
320.0,16.3,52.0,13,9.0,44950,ZDA,2024,Ford,Capri Standard Range RWD,https://bestev4me.eu/ev-catalog/2240/ford-capri-standard-range-rwd-2024
320.0,16.3,52.0,12,8.9,45270,Nemčija,2024,Volkswagen,ID.5 Pure,https://bestev4me.eu/ev-catalog/3080/volkswagen-id5-pure-2024
320.0,16.3,52.0,12,8.9,45270,Nemčija,2025,Volkswagen,ID.5 Pure,https://bestev4me.eu/ev-catalog/3253/volkswagen-id5-pure-2025
320.0,16.5,52.8,14,9.5,28490,Kitajska,2026,MG,MG4 Urban Comfort Long Range,https://bestev4me.eu/ev-catalog/3471/mg-mg4-urban-comfort-long-range-2026
320.0,16.5,52.8,14,9.5,31490,Kitajska,2026,MG,MG4 Urban Premium Long Range,https://bestev4me.eu/ev-catalog/3472/mg-mg4-urban-premium-long-range-2026
320.0,17.2,55.0,11,7.5,27900,Kitajska,2026,Leapmotor,B05 56.2 kWh,https://bestev4me.eu/ev-catalog/3563/leapmotor-b05-562-kwh-2026
320.0,18.4,59.0,9,5.5,42990,Kitajska,2026,Zeekr,X Long Range RWD,https://bestev4me.eu/ev-catalog/3585/zeekr-x-long-range-rwd-2026
320.0,16.2,51.7,11,7.1,32100,Češka,2026,Skoda,Epiq 55,https://bestev4me.eu/ev-catalog/3622/skoda-epiq-55-2026
315.0,16.5,52.0,27,11.4,36840,Francija,2019,Renault,Zoe ZE50 R110,https://bestev4me.eu/ev-catalog/1164/renault-zoe-ze50-r110-2019
315.0,19.0,60.0,17,7.5,35993,Kitajska,2020,Aiways,U5,https://bestev4me.eu/ev-catalog/1261/aiways-u5-2020
315.0,19.0,60.0,17,7.5,39563,Kitajska,2022,Aiways,U5,https://bestev4me.eu/ev-catalog/1678/aiways-u5-2022
315.0,16.1,50.8,13,9.2,41990,Nemčija,2023,Opel,Astra Electric,https://bestev4me.eu/ev-catalog/1792/opel-astra-electric-2023
315.0,15.3,48.1,13,8.1,38045,Nemčija,2023,Opel,Corsa Electric 51 kWh,https://bestev4me.eu/ev-catalog/1942/opel-corsa-electric-51-kwh-2023
315.0,15.3,48.1,13,8.2,40875,Francija,2023,Peugeot,e-208 51 kWh,https://bestev4me.eu/ev-catalog/1949/peugeot-e-208-51-kwh-2023
315.0,28.6,90.0,19,12.2,62897,Nemčija,2024,Mercedes-Benz,EQV 300 Extra-Long,https://bestev4me.eu/ev-catalog/2274/mercedes-benz-eqv-300-extra-long-2024
315.0,16.5,52.0,15,8.2,32400,Francija,2025,Renault,4 E-Tech 52kWh 150hp,https://bestev4me.eu/ev-catalog/3127/renault-4-e-tech-52kwh-150hp-2025
315.0,18.9,59.6,14,10.3,34990,Vietnam,2025,VinFast,VF 6 Eco,https://bestev4me.eu/ev-catalog/3281/vinfast-vf-6-eco-2025
315.0,17.1,54.0,13,8.4,,Japonska,2026,Subaru,Uncharted 57.7 kWh,https://bestev4me.eu/ev-catalog/3435/subaru-uncharted-577-kwh-2026
315.0,15.9,50.0,12,8.0,33995,Nemčija,2026,Volkswagen,ID.3 Neo 50 kWh,https://bestev4me.eu/ev-catalog/3520/volkswagen-id3-neo-50-kwh-2026
315.0,16.4,51.7,11,7.1,36525,Nemčija,2026,Volkswagen,ID. Cross 155 kW - 52 kWh,https://bestev4me.eu/ev-catalog/3673/volkswagen-id-cross-155-kw-52-kwh-2026
310.0,16.8,52.0,27,9.5,37840,Francija,2019,Renault,Zoe ZE50 R135,https://bestev4me.eu/ev-catalog/1205/renault-zoe-ze50-r135-2019
310.0,29.0,90.0,20,12.1,71626,Nemčija,2020,Mercedes-Benz,EQV 300 Long,https://bestev4me.eu/ev-catalog/1240/mercedes-benz-eqv-300-long-2020
310.0,29.0,90.0,20,12.1,72519,Nemčija,2020,Mercedes-Benz,EQV 300 Extra-Long,https://bestev4me.eu/ev-catalog/1315/mercedes-benz-eqv-300-extra-long-2020
310.0,29.0,90.0,20,12.0,64248,Nemčija,2020,Mercedes-Benz,eVito Tourer Long 90 kWh,https://bestev4me.eu/ev-catalog/1615/mercedes-benz-evito-tourer-long-90-kwh-2020
310.0,16.4,50.8,14,9.3,43490,Nemčija,2023,Opel,Astra Sports Tourer Electric,https://bestev4me.eu/ev-catalog/1793/opel-astra-sports-tourer-electric-2023
310.0,16.4,50.8,14,9.0,39900,ZDA,2023,Jeep,Avenger Electric 1st Edition,https://bestev4me.eu/ev-catalog/1794/jeep-avenger-electric-1st-edition-2023
310.0,16.4,50.8,14,9.0,38500,ZDA,2023,Jeep,Avenger Electric,https://bestev4me.eu/ev-catalog/1816/jeep-avenger-electric-2023
310.0,16.4,50.8,14,9.0,36490,Italija,2023,Fiat,600e,https://bestev4me.eu/ev-catalog/1945/fiat-600e-2023
310.0,15.5,48.1,14,8.2,,Italija,2024,Lancia,Ypsilon,https://bestev4me.eu/ev-catalog/2117/lancia-ypsilon-2024
310.0,16.8,52.0,12,9.1,,Češka,2024,Skoda,Enyaq 50,https://bestev4me.eu/ev-catalog/2250/skoda-enyaq-50-2024
310.0,16.8,52.0,15,7.4,38700,Francija,2024,Alpine,A290 Electric 180 hp,https://bestev4me.eu/ev-catalog/2268/alpine-a290-electric-180-hp-2024
310.0,16.8,52.0,12,9.0,33900,Češka,2024,Skoda,Elroq 50,https://bestev4me.eu/ev-catalog/3031/skoda-elroq-50-2024
310.0,19.3,59.8,21,7.4,44280,Japonska,2025,Toyota,Urban Cruiser 61.1 kWh AWD,https://bestev4me.eu/ev-catalog/3210/toyota-urban-cruiser-611-kwh-awd-2025
310.0,19.3,59.8,21,7.4,39490,Japonska,2025,Suzuki,e VITARA 61 kWh 4WD AllGrip,https://bestev4me.eu/ev-catalog/3213/suzuki-e-vitara-61-kwh-4wd-allgrip-2025
310.0,19.2,59.6,14,8.9,38990,Vietnam,2025,VinFast,VF 6 Plus,https://bestev4me.eu/ev-catalog/3282/vinfast-vf-6-plus-2025
310.0,16.7,51.7,12,6.8,39990,Španija,2026,CUPRA,Raval VZ,https://bestev4me.eu/ev-catalog/3510/cupra-raval-vz-2026
310.0,16.4,50.8,14,5.5,44900,Francija,2026,Peugeot,e-208 GTi,https://bestev4me.eu/ev-catalog/3655/peugeot-e-208-gti-2026
305.0,17.0,52.0,24,11.3,39900,Češka,2021,Skoda,Enyaq iV 50,https://bestev4me.eu/ev-catalog/1187/skoda-enyaq-iv-50-2021
305.0,17.7,54.0,8,8.5,46990,Južna Koreja,2021,Kia,EV6 Standard Range 2WD,https://bestev4me.eu/ev-catalog/1480/kia-ev6-standard-range-2wd-2021
305.0,22.0,67.0,13,7.4,48650,Švedska,2021,Volvo,XC40 Recharge Pure Electric,https://bestev4me.eu/ev-catalog/1539/volvo-xc40-recharge-pure-electric-2021
305.0,29.5,90.0,20,12.0,65140,Nemčija,2020,Mercedes-Benz,eVito Tourer Extra-Long 90 kWh,https://bestev4me.eu/ev-catalog/1616/mercedes-benz-evito-tourer-extra-long-90-kwh-2020
305.0,15.8,48.1,14,8.2,41850,Francija,2022,Peugeot,e-208 51 kWh,https://bestev4me.eu/ev-catalog/1836/peugeot-e-208-51-kwh-2022
305.0,17.0,52.0,13,8.7,42500,ZDA,2024,Ford,Explorer Standard Range RWD,https://bestev4me.eu/ev-catalog/2167/ford-explorer-standard-range-rwd-2024
305.0,17.0,52.0,15,6.4,41900,Francija,2024,Alpine,A290 Electric 220 hp,https://bestev4me.eu/ev-catalog/2269/alpine-a290-electric-220-hp-2024
305.0,17.7,54.0,14,8.6,42990,Japonska,2025,Toyota,bZ4X FWD 57.7 kWh,https://bestev4me.eu/ev-catalog/3133/toyota-bz4x-fwd-577-kwh-2025
305.0,16.7,50.8,14,5.6,,Italija,2025,Lancia,Ypsilon 54 kWh HF,https://bestev4me.eu/ev-catalog/3225/lancia-ypsilon-54-kwh-hf-2025
305.0,18.0,55.0,12,8.0,29900,Kitajska,2025,Leapmotor,B10 56.2 kWh,https://bestev4me.eu/ev-catalog/3232/leapmotor-b10-562-kwh-2025
300.0,16.9,50.8,17,7.7,34990,Kitajska,2022,MG,MG4 Electric 51 kWh,https://bestev4me.eu/ev-catalog/1707/mg-mg4-electric-51-kwh-2022
300.0,16.9,50.8,14,9.8,44765,Francija,2023,Peugeot,e-308,https://bestev4me.eu/ev-catalog/1744/peugeot-e-308-2023
300.0,16.9,50.8,14,10.0,45765,Francija,2023,Peugeot,e-308 SW,https://bestev4me.eu/ev-catalog/1745/peugeot-e-308-sw-2023
300.0,16.9,50.8,14,9.0,40540,Francija,2022,DS,DS 3 E-Tense,https://bestev4me.eu/ev-catalog/1791/ds-ds-3-e-tense-2022
300.0,16.9,50.8,14,9.1,40550,Francija,2023,Peugeot,e-2008 54 kWh,https://bestev4me.eu/ev-catalog/1947/peugeot-e-2008-54-kwh-2023
300.0,16.9,50.8,14,5.9,48500,Italija,2024,Alfa Romeo,Junior Elettrica 54 kWh Veloce,https://bestev4me.eu/ev-catalog/2185/alfa-romeo-junior-elettrica-54-kwh-veloce-2024
300.0,15.3,46.0,14,10.6,25400,Južna Koreja,2024,Hyundai,INSTER Long Range,https://bestev4me.eu/ev-catalog/2231/hyundai-inster-long-range-2024
300.0,17.3,52.0,13,9.0,47600,Nemčija,2024,Audi,Q4 Sportback e-tron 35,https://bestev4me.eu/ev-catalog/2249/audi-q4-sportback-e-tron-35-2024
300.0,15.6,46.8,12,8.0,36900,ZDA,2026,Ford,Puma Gen-E,https://bestev4me.eu/ev-catalog/3597/ford-puma-gen-e-2026
295.0,21.9,64.7,13,6.8,71350,Nemčija,2020,Audi,e-tron Sportback 50 quattro,https://bestev4me.eu/ev-catalog/1247/audi-e-tron-sportback-50-quattro-2020
295.0,17.6,52.0,17,9.0,46700,Nemčija,2021,Audi,Q4 Sportback e-tron 35,https://bestev4me.eu/ev-catalog/1290/audi-q4-sportback-e-tron-35-2021
295.0,18.3,54.0,9,8.5,43900,Južna Koreja,2021,Hyundai,IONIQ 5 Standard Range 2WD,https://bestev4me.eu/ev-catalog/1476/hyundai-ioniq-5-standard-range-2wd-2021
295.0,15.7,46.3,14,8.1,36395,Nemčija,2021,Opel,Corsa-e,https://bestev4me.eu/ev-catalog/1585/opel-corsa-e-2021
295.0,21.9,64.7,13,6.8,71350,Nemčija,2021,Audi,e-tron Sportback 50 quattro,https://bestev4me.eu/ev-catalog/1661/audi-e-tron-sportback-50-quattro-2021
295.0,16.4,48.4,22,8.8,41990,Južna Koreja,2023,Hyundai,Kona Electric 48 kWh,https://bestev4me.eu/ev-catalog/1829/hyundai-kona-electric-48-kwh-2023
295.0,15.7,46.3,14,9.0,35975,Francija,2023,Peugeot,e-208 50 kWh,https://bestev4me.eu/ev-catalog/1948/peugeot-e-208-50-kwh-2023
295.0,15.7,46.3,14,9.0,36525,Francija,2025,Peugeot,e-208 50 kWh,https://bestev4me.eu/ev-catalog/3222/peugeot-e-208-50-kwh-2025
295.0,16.9,50.0,16,7.2,34295,Turčija,2025,TOGG,T10F Standard Range RWD,https://bestev4me.eu/ev-catalog/3304/togg-t10f-standard-range-rwd-2025
295.0,16.5,48.6,22,9.9,38340,Južna Koreja,2026,Hyundai,Kona Electric 48.6 kWh,https://bestev4me.eu/ev-catalog/3462/hyundai-kona-electric-486-kwh-2026
295.0,17.1,50.5,23,7.8,28490,Kitajska,2025,JAC,E30X 51.5 kWh,https://bestev4me.eu/ev-catalog/3641/jac-e30x-515-kwh-2025
295.0,17.6,52.0,11,8.6,29400,Kitajska,2026,Leapmotor,B03X 53.0 kWh,https://bestev4me.eu/ev-catalog/3666/leapmotor-b03x-530-kwh-2026
290.0,16.8,48.8,19,7.7,,Kitajska,2020,MG,MG5 EV,https://bestev4me.eu/ev-catalog/1313/mg-mg5-ev-2020
290.0,18.6,54.0,9,6.1,45900,Južna Koreja,2021,Hyundai,IONIQ 5 Standard Range AWD,https://bestev4me.eu/ev-catalog/1477/hyundai-ioniq-5-standard-range-awd-2021
290.0,16.0,46.3,14,9.7,34875,Francija,2021,Citroen,ë-C4,https://bestev4me.eu/ev-catalog/1587/citroen-e-c4-2021
290.0,19.3,56.0,19,8.5,42490,Južna Koreja,2022,SsangYong,Korando e-Motion,https://bestev4me.eu/ev-catalog/1589/ssangyong-korando-e-motion-2022
290.0,16.0,46.3,14,8.7,34650,Nemčija,2023,Opel,Corsa Electric 50 kWh,https://bestev4me.eu/ev-catalog/1941/opel-corsa-electric-50-kwh-2023
290.0,17.5,50.8,14,9.0,44720,Nemčija,2023,Opel,Mokka-e 54 kWh,https://bestev4me.eu/ev-catalog/2051/opel-mokka-e-54-kwh-2023
290.0,17.0,49.2,15,7.1,39550,Združeno kraljestvo,2024,Mini,Aceman SE,https://bestev4me.eu/ev-catalog/2191/mini-aceman-se-2024
290.0,16.0,46.3,14,9.9,32600,Francija,2024,Citroen,ë-C4 X,https://bestev4me.eu/ev-catalog/3049/citroen-e-c4-x-2024
290.0,17.0,49.2,15,5.9,40650,Združeno kraljestvo,2024,Mini,Cooper JCW,https://bestev4me.eu/ev-catalog/3058/mini-cooper-jcw-2024
290.0,16.0,46.3,14,8.7,29990,Nemčija,2025,Opel,Corsa Electric 50 kWh,https://bestev4me.eu/ev-catalog/3220/opel-corsa-electric-50-kwh-2025
290.0,18.4,53.5,18,13.0,30690,Francija,2025,Citroen,ë-C3 Aircross Extended Range 54 kWh,https://bestev4me.eu/ev-catalog/3228/citroen-e-c3-aircross-extended-range-54-kwh-2025
290.0,18.4,53.5,18,13.0,31190,Nemčija,2025,Opel,Frontera Electric 54 kWh,https://bestev4me.eu/ev-catalog/3229/opel-frontera-electric-54-kwh-2025
285.0,21.8,62.0,15,6.2,89100,ZDA,2016,Tesla,Model X 60D,https://bestev4me.eu/ev-catalog/1074/tesla-model-x-60d-2016
285.0,18.2,52.0,17,9.0,44700,Nemčija,2021,Audi,Q4 e-tron 35,https://bestev4me.eu/ev-catalog/1179/audi-q4-e-tron-35-2021
285.0,16.2,46.3,15,8.1,29900,Nemčija,2020,Opel,Corsa-e,https://bestev4me.eu/ev-catalog/1192/opel-corsa-e-2020
285.0,18.2,52.0,17,9.0,39955,Nemčija,2021,Volkswagen,ID.4 Pure Performance,https://bestev4me.eu/ev-catalog/1411/volkswagen-id4-pure-performance-2021
285.0,18.2,52.0,17,10.9,36950,Nemčija,2021,Volkswagen,ID.4 Pure,https://bestev4me.eu/ev-catalog/1489/volkswagen-id4-pure-2021
285.0,16.2,46.3,15,9.0,39100,Francija,2021,Peugeot,e-208,https://bestev4me.eu/ev-catalog/1583/peugeot-e-208-2021
285.0,16.2,46.3,15,9.7,35275,Francija,2022,Citroen,ë-C4 X,https://bestev4me.eu/ev-catalog/1706/citroen-e-c4-x-2022
285.0,18.2,52.0,14,9.0,40335,Nemčija,2023,Volkswagen,ID.4 Pure,https://bestev4me.eu/ev-catalog/2027/volkswagen-id4-pure-2023
285.0,18.2,52.0,14,9.0,45600,Nemčija,2024,Audi,Q4 e-tron 35,https://bestev4me.eu/ev-catalog/2248/audi-q4-e-tron-35-2024
285.0,16.2,46.3,15,9.9,31900,Francija,2024,Citroen,ë-C4,https://bestev4me.eu/ev-catalog/3047/citroen-e-c4-2024
285.0,17.8,50.8,15,9.0,36740,Nemčija,2024,Opel,Mokka Electric,https://bestev4me.eu/ev-catalog/3051/opel-mokka-electric-2024
285.0,18.2,52.0,14,9.0,40335,Nemčija,2025,Volkswagen,ID.4 Pure,https://bestev4me.eu/ev-catalog/3249/volkswagen-id4-pure-2025
280.0,23.1,64.7,13,6.8,69100,Nemčija,2019,Audi,e-tron 50 quattro,https://bestev4me.eu/ev-catalog/1209/audi-e-tron-50-quattro-2019
280.0,16.5,46.3,15,9.7,34640,Francija,2020,Citroen,ë-C4,https://bestev4me.eu/ev-catalog/1286/citroen-e-c4-2020
280.0,23.1,64.7,13,6.8,69100,Nemčija,2021,Audi,e-tron 50 quattro,https://bestev4me.eu/ev-catalog/1660/audi-e-tron-50-quattro-2021
280.0,18.1,50.8,15,6.2,41990,Italija,2024,Abarth,600e Turismo,https://bestev4me.eu/ev-catalog/3056/abarth-600e-turismo-2024
280.0,18.1,50.8,15,5.9,48990,Italija,2024,Abarth,600e Scorpionissima,https://bestev4me.eu/ev-catalog/3057/abarth-600e-scorpionissima-2024
280.0,17.6,49.2,15,6.4,43150,Združeno kraljestvo,2024,Mini,Aceman JCW,https://bestev4me.eu/ev-catalog/3059/mini-aceman-jcw-2024
280.0,15.6,43.6,12,8.0,36900,ZDA,2024,Ford,Puma Gen-E,https://bestev4me.eu/ev-catalog/3073/ford-puma-gen-e-2024
280.0,18.1,50.8,15,5.9,47300,Nemčija,2025,Opel,Mokka Electric GSE,https://bestev4me.eu/ev-catalog/3307/opel-mokka-electric-gse-2025
280.0,18.1,50.8,15,5.9,45990,Italija,2026,Abarth,600e Competizione,https://bestev4me.eu/ev-catalog/3514/abarth-600e-competizione-2026
275.0,16.4,45.0,24,8.9,31960,Nemčija,2021,Volkswagen,ID.3 Pure Performance,https://bestev4me.eu/ev-catalog/1127/volkswagen-id3-pure-performance-2021
275.0,16.4,45.0,24,8.9,31960,Nemčija,2021,Volkswagen,ID.3 Pure Performance,https://bestev4me.eu/ev-catalog/1530/volkswagen-id3-pure-performance-2021
275.0,17.8,49.0,15,5.7,39790,Švedska,2023,Volvo,EX30 Single Motor,https://bestev4me.eu/ev-catalog/1909/volvo-ex30-single-motor-2023
275.0,17.1,47.1,14,8.0,37990,Kitajska,2025,MG,MGS5 EV 49 kWh,https://bestev4me.eu/ev-catalog/3146/mg-mgs5-ev-49-kwh-2025
275.0,17.8,49.0,15,8.6,34990,Švedska,2026,Volvo,EX30 P3,https://bestev4me.eu/ev-catalog/3477/volvo-ex30-p3-2026
275.0,17.8,49.0,15,5.7,36990,Švedska,2026,Volvo,EX30 P5,https://bestev4me.eu/ev-catalog/3478/volvo-ex30-p5-2026
275.0,18.6,51.1,20,7.9,,Kitajska,2025,BYD,ATTO 2 51.1 kWh,https://bestev4me.eu/ev-catalog/3494/byd-atto-2-511-kwh-2025
275.0,21.1,58.0,15,10.7,52271,Nemčija,2026,Volkswagen,ID. Buzz NWB Pure,https://bestev4me.eu/ev-catalog/3630/volkswagen-id-buzz-nwb-pure-2026
270.0,17.1,46.3,15,8.1,30450,Francija,2020,Peugeot,e-208,https://bestev4me.eu/ev-catalog/1168/peugeot-e-208-2020
270.0,17.1,46.3,15,8.5,37900,Francija,2021,Peugeot,e-2008,https://bestev4me.eu/ev-catalog/1584/peugeot-e-2008-2021
270.0,17.1,46.3,15,9.9,39000,Francija,2023,Peugeot,e-2008 50 kWh,https://bestev4me.eu/ev-catalog/1946/peugeot-e-2008-50-kwh-2023
270.0,16.0,43.2,18,12.1,26990,Kitajska,2025,BYD,DOLPHIN SURF 43.2 kWh Boost,https://bestev4me.eu/ev-catalog/3194/byd-dolphin-surf-432-kwh-boost-2025
270.0,17.7,47.8,25,9.6,31990,Japonska,2025,Toyota,Urban Cruiser 48.8 kWh,https://bestev4me.eu/ev-catalog/3208/toyota-urban-cruiser-488-kwh-2025
270.0,17.7,47.8,25,9.6,29990,Japonska,2025,Suzuki,e VITARA 49 kWh 2WD,https://bestev4me.eu/ev-catalog/3211/suzuki-e-vitara-49-kwh-2wd-2025
270.0,26.3,71.0,17,9.0,61702,ZDA,2025,Ford,e-Tourneo Custom L1 160 kW RWD,https://bestev4me.eu/ev-catalog/3420/ford-e-tourneo-custom-l1-160-kw-rwd-2025
270.0,26.3,71.0,17,9.0,62654,ZDA,2025,Ford,e-Tourneo Custom L2 160 kW RWD,https://bestev4me.eu/ev-catalog/3424/ford-e-tourneo-custom-l2-160-kw-rwd-2025
265.0,26.0,69.0,23,13.3,59640,Francija,2021,Citroen,ë-SpaceTourer M 75 kWh,https://bestev4me.eu/ev-catalog/1343/citroen-e-spacetourer-m-75-kwh-2021
265.0,26.0,69.0,23,13.3,60430,Francija,2021,Citroen,ë-SpaceTourer XL 75 kWh,https://bestev4me.eu/ev-catalog/1344/citroen-e-spacetourer-xl-75-kwh-2021
265.0,26.0,69.0,23,13.3,69250,Nemčija,2021,Opel,Zafira-e Life M 75 kWh,https://bestev4me.eu/ev-catalog/1348/opel-zafira-e-life-m-75-kwh-2021
265.0,26.0,69.0,23,13.3,70075,Nemčija,2021,Opel,Zafira-e Life L 75 kWh,https://bestev4me.eu/ev-catalog/1349/opel-zafira-e-life-l-75-kwh-2021
265.0,26.0,69.0,23,14.3,59640,Francija,2021,Peugeot,e-Traveller Standard 75 kWh,https://bestev4me.eu/ev-catalog/1353/peugeot-e-traveller-standard-75-kwh-2021
265.0,26.0,69.0,23,14.3,60430,Francija,2021,Peugeot,e-Traveller Long 75 kWh,https://bestev4me.eu/ev-catalog/1354/peugeot-e-traveller-long-75-kwh-2021
265.0,26.0,69.0,23,13.1,64530,Japonska,2021,Toyota,Proace Verso M 75 kWh,https://bestev4me.eu/ev-catalog/1514/toyota-proace-verso-m-75-kwh-2021
265.0,26.0,69.0,23,13.1,65385,Japonska,2021,Toyota,Proace Verso L 75 kWh,https://bestev4me.eu/ev-catalog/1515/toyota-proace-verso-l-75-kwh-2021
265.0,18.5,49.0,24,8.6,33990,Kitajska,2021,MG,ZS EV Standard Range,https://bestev4me.eu/ev-catalog/1540/mg-zs-ev-standard-range-2021
265.0,17.5,46.3,16,8.7,39440,Francija,2021,DS,DS 3 Crossback E-Tense,https://bestev4me.eu/ev-catalog/1582/ds-ds-3-crossback-e-tense-2021
265.0,26.0,69.0,23,13.3,57940,Francija,2020,Citroen,ë-Jumpy Combi M 75 kWh,https://bestev4me.eu/ev-catalog/1597/citroen-e-jumpy-combi-m-75-kwh-2020
265.0,26.0,69.0,23,13.3,58730,Francija,2020,Citroen,ë-Jumpy Combi XL 75 kWh,https://bestev4me.eu/ev-catalog/1598/citroen-e-jumpy-combi-xl-75-kwh-2020
265.0,26.0,69.0,23,13.3,56942,Nemčija,2020,Opel,Vivaro-e Combi M 75 kWh,https://bestev4me.eu/ev-catalog/1602/opel-vivaro-e-combi-m-75-kwh-2020
265.0,26.0,69.0,23,13.3,57775,Nemčija,2020,Opel,Vivaro-e Combi L 75 kWh,https://bestev4me.eu/ev-catalog/1603/opel-vivaro-e-combi-l-75-kwh-2020
265.0,26.0,69.0,23,14.3,57940,Francija,2021,Peugeot,e-Expert Combi Standard 75 kWh,https://bestev4me.eu/ev-catalog/1607/peugeot-e-expert-combi-standard-75-kwh-2021
265.0,26.0,69.0,23,14.3,58730,Francija,2021,Peugeot,e-Expert Combi Long 75 kWh,https://bestev4me.eu/ev-catalog/1608/peugeot-e-expert-combi-long-75-kwh-2021
265.0,26.0,69.0,23,13.1,,Japonska,2021,Toyota,Proace Shuttle M 75 kWh,https://bestev4me.eu/ev-catalog/1611/toyota-proace-shuttle-m-75-kwh-2021
265.0,26.0,69.0,23,13.1,,Japonska,2021,Toyota,Proace Shuttle L 75 kWh,https://bestev4me.eu/ev-catalog/1612/toyota-proace-shuttle-l-75-kwh-2021
265.0,17.4,46.0,22,7.7,35490,Kitajska,2022,MG,MG5 Electric Standard Range,https://bestev4me.eu/ev-catalog/1646/mg-mg5-electric-standard-range-2022
265.0,26.0,69.0,23,13.3,61990,Italija,2022,Fiat,E-Ulysse L2 75 kWh,https://bestev4me.eu/ev-catalog/1722/fiat-e-ulysse-l2-75-kwh-2022
265.0,26.0,69.0,23,13.3,62990,Italija,2022,Fiat,E-Ulysse L3 75 kWh,https://bestev4me.eu/ev-catalog/1724/fiat-e-ulysse-l3-75-kwh-2022
265.0,16.9,44.9,23,12.3,,Kitajska,2023,BYD,DOLPHIN 44.9 kWh Active,https://bestev4me.eu/ev-catalog/1917/byd-dolphin-449-kwh-active-2023
265.0,16.9,44.9,23,8.0,,Kitajska,2023,BYD,DOLPHIN 44.9 kWh Boost,https://bestev4me.eu/ev-catalog/1918/byd-dolphin-449-kwh-boost-2023
355.0,17.5,62.0,13,5.8,43490,Nemčija,2024,Smart,#3 Pro,https://bestev4me.eu/ev-catalog/2052/smart-3-pro-2024
265.0,26.0,69.0,23,14.2,52230,Francija,2024,Citroen,ë-SpaceTourer M 75 kWh,https://bestev4me.eu/ev-catalog/2254/citroen-e-spacetourer-m-75-kwh-2024
265.0,26.0,69.0,23,14.2,53230,Francija,2024,Citroen,ë-SpaceTourer XL 75 kWh,https://bestev4me.eu/ev-catalog/2255/citroen-e-spacetourer-xl-75-kwh-2024
265.0,26.0,69.0,23,14.2,52230,Francija,2024,Peugeot,e-Traveller L2 75 kWh,https://bestev4me.eu/ev-catalog/2258/peugeot-e-traveller-l2-75-kwh-2024
265.0,26.0,69.0,23,14.2,53230,Francija,2024,Peugeot,e-Traveller L3 75 kWh,https://bestev4me.eu/ev-catalog/2259/peugeot-e-traveller-l3-75-kwh-2024
265.0,26.0,69.0,23,14.2,53550,Nemčija,2024,Opel,Zafira Electric 75 kWh,https://bestev4me.eu/ev-catalog/2262/opel-zafira-electric-75-kwh-2024
265.0,26.0,69.0,23,14.2,54550,Nemčija,2024,Opel,Zafira Electric XL 75 kWh,https://bestev4me.eu/ev-catalog/2263/opel-zafira-electric-xl-75-kwh-2024
265.0,26.0,69.0,23,13.3,,Japonska,2024,Toyota,Proace Verso M 75 kWh,https://bestev4me.eu/ev-catalog/2266/toyota-proace-verso-m-75-kwh-2024
265.0,26.0,69.0,23,13.3,58195,Japonska,2024,Toyota,Proace Verso L 75 kWh,https://bestev4me.eu/ev-catalog/2267/toyota-proace-verso-l-75-kwh-2024
265.0,22.3,59.0,14,10.7,49998,Nemčija,2024,Volkswagen,ID. Buzz NWB Pure,https://bestev4me.eu/ev-catalog/3119/volkswagen-id-buzz-nwb-pure-2024
265.0,16.3,43.2,18,9.1,30990,Kitajska,2025,BYD,DOLPHIN SURF 43.2 kWh Comfort,https://bestev4me.eu/ev-catalog/3195/byd-dolphin-surf-432-kwh-comfort-2025
265.0,18.9,50.0,18,7.4,34295,Turčija,2025,TOGG,T10X Standard Range RWD,https://bestev4me.eu/ev-catalog/3301/togg-t10x-standard-range-rwd-2025
265.0,26.8,71.0,17,9.0,71698,ZDA,2025,Ford,e-Tourneo Custom L1 160 kW AWD,https://bestev4me.eu/ev-catalog/3421/ford-e-tourneo-custom-l1-160-kw-awd-2025
265.0,15.5,41.0,17,9.0,27000,Južna Koreja,2026,Hyundai,IONIQ 3 42.2 kWh,https://bestev4me.eu/ev-catalog/3554/hyundai-ioniq-3-422-kwh-2026
260.0,18.1,47.0,20,9.0,29900,Nemčija,2023,Sono,Sion,https://bestev4me.eu/ev-catalog/1152/sono-sion-2023
260.0,17.8,46.3,16,8.5,35450,Francija,2020,Peugeot,e-2008,https://bestev4me.eu/ev-catalog/1206/peugeot-e-2008-2020
260.0,15.4,40.0,20,10.0,42000,Francija,2022,Renault,Megane E-Tech EV40 130hp,https://bestev4me.eu/ev-catalog/1536/renault-megane-e-tech-ev40-130hp-2022
260.0,17.8,46.3,16,9.2,40650,Nemčija,2021,Opel,Mokka-e 50 kWh,https://bestev4me.eu/ev-catalog/1586/opel-mokka-e-50-kwh-2021
260.0,17.5,45.4,25,8.3,38990,Kitajska,2022,ORA,Funky Cat 48 kWh,https://bestev4me.eu/ev-catalog/1781/ora-funky-cat-48-kwh-2022
260.0,19.6,51.0,25,8.9,,Kitajska,2021,Seres,3,https://bestev4me.eu/ev-catalog/1804/seres-3-2021
260.0,17.5,45.4,25,8.3,26990,Kitajska,2024,GWM,ORA 03 48 kWh,https://bestev4me.eu/ev-catalog/2091/gwm-ora-03-48-kwh-2024
260.0,15.4,40.0,104,12.0,,Francija,2025,Renault,5 E-Tech 40kWh 95hp,https://bestev4me.eu/ev-catalog/2133/renault-5-e-tech-40kwh-95hp-2025
260.0,15.4,40.0,18,9.0,27900,Francija,2024,Renault,5 E-Tech 40kWh 120hp,https://bestev4me.eu/ev-catalog/2134/renault-5-e-tech-40kwh-120hp-2024
260.0,16.8,43.8,18,11.0,24990,Italija,2024,Fiat,Grande Panda,https://bestev4me.eu/ev-catalog/2251/fiat-grande-panda-2024
260.0,18.1,47.0,18,5.9,38950,Kitajska,2025,Zeekr,X Core RWD,https://bestev4me.eu/ev-catalog/3197/zeekr-x-core-rwd-2025
260.0,15.4,40.0,18,9.0,27990,Japonska,2025,Nissan,Micra Standard Range 40 kWh,https://bestev4me.eu/ev-catalog/3202/nissan-micra-standard-range-40-kwh-2025
260.0,27.3,71.0,17,9.0,72650,ZDA,2025,Ford,e-Tourneo Custom L2 160 kW AWD,https://bestev4me.eu/ev-catalog/3425/ford-e-tourneo-custom-l2-160-kw-awd-2025
260.0,18.1,47.0,18,5.9,37990,Kitajska,2026,Zeekr,X Core RWD,https://bestev4me.eu/ev-catalog/3584/zeekr-x-core-rwd-2026
255.0,16.1,41.0,55,13.5,33200,Francija,2017,Renault,Zoe R90,https://bestev4me.eu/ev-catalog/1077/renault-zoe-r90-2017
255.0,18.2,46.3,16,8.7,38690,Francija,2020,DS,DS 3 Crossback E-Tense,https://bestev4me.eu/ev-catalog/1148/ds-ds-3-crossback-e-tense-2020
255.0,16.1,41.0,55,13.2,34100,Francija,2018,Renault,Zoe R90,https://bestev4me.eu/ev-catalog/1150/renault-zoe-r90-2018
255.0,16.1,41.0,27,11.4,29990,Francija,2019,Renault,Zoe ZE40 R110,https://bestev4me.eu/ev-catalog/1236/renault-zoe-ze40-r110-2019
255.0,18.2,46.3,16,9.0,34110,Nemčija,2021,Opel,Mokka-e,https://bestev4me.eu/ev-catalog/1278/opel-mokka-e-2021
255.0,19.6,50.0,15,8.9,,Kitajska,2020,Seres,3,https://bestev4me.eu/ev-catalog/1357/seres-3-2020
255.0,17.2,43.8,18,11.5,23300,Francija,2024,Citroen,ë-C3 Standard Range 44 kWh,https://bestev4me.eu/ev-catalog/2039/citroen-e-c3-standard-range-44-kwh-2024
255.0,15.3,39.0,17,11.7,23900,Južna Koreja,2024,Hyundai,INSTER Standard Range,https://bestev4me.eu/ev-catalog/2230/hyundai-inster-standard-range-2024
255.0,15.7,40.0,20,12.5,,Kitajska,2024,Dongfeng,Box 42.3 kWh,https://bestev4me.eu/ev-catalog/3036/dongfeng-box-423-kwh-2024
255.0,25.0,63.8,22,12.8,62719,Nemčija,2025,Volkswagen,e-Transporter Kombi L1 100 kW 64 kWh,https://bestev4me.eu/ev-catalog/3309/volkswagen-e-transporter-kombi-l1-100-kw-64-kwh-2025
255.0,25.0,63.8,22,8.6,64867,Nemčija,2025,Volkswagen,e-Transporter Kombi L1 160 kW 64 kWh,https://bestev4me.eu/ev-catalog/3310/volkswagen-e-transporter-kombi-l1-160-kw-64-kwh-2025
255.0,25.0,63.8,22,7.4,66908,Nemčija,2025,Volkswagen,e-Transporter Kombi L1 210 kW 64 kWh,https://bestev4me.eu/ev-catalog/3311/volkswagen-e-transporter-kombi-l1-210-kw-64-kwh-2025
255.0,27.8,71.0,18,8.0,,ZDA,2025,Ford,e-Tourneo Custom L1 210 kW RWD,https://bestev4me.eu/ev-catalog/3422/ford-e-tourneo-custom-l1-210-kw-rwd-2025
255.0,27.8,71.0,18,7.0,77707,ZDA,2025,Ford,e-Tourneo Custom L1 210 kW AWD,https://bestev4me.eu/ev-catalog/3423/ford-e-tourneo-custom-l1-210-kw-awd-2025
255.0,27.8,71.0,18,8.0,,ZDA,2025,Ford,e-Tourneo Custom L2 210 kW RWD,https://bestev4me.eu/ev-catalog/3426/ford-e-tourneo-custom-l2-210-kw-rwd-2025
255.0,16.4,41.9,16,9.6,24990,Kitajska,2026,MG,MG4 Urban Standard Range,https://bestev4me.eu/ev-catalog/3470/mg-mg4-urban-standard-range-2026
250.0,16.4,41.0,55,11.4,35900,Francija,2018,Renault,Zoe R110,https://bestev4me.eu/ev-catalog/1128/renault-zoe-r110-2018
250.0,15.3,38.3,32,9.7,35350,Južna Koreja,2019,Hyundai,IONIQ Electric,https://bestev4me.eu/ev-catalog/1165/hyundai-ioniq-electric-2019
250.0,14.6,36.6,16,7.3,32900,Združeno kraljestvo,2023,Mini,Cooper E,https://bestev4me.eu/ev-catalog/1997/mini-cooper-e-2023
335.0,18.5,62.0,14,6.7,42490,Nemčija,2023,Smart,#1 Pro,https://bestev4me.eu/ev-catalog/2041/smart-1-pro-2023
335.0,18.5,62.0,14,6.7,39990,Nemčija,2024,Smart,#1 Pure,https://bestev4me.eu/ev-catalog/2217/smart-1-pure-2024
250.0,25.5,63.8,23,12.8,63725,Nemčija,2025,Volkswagen,e-Transporter Kombi L2 100 kW 64 kWh,https://bestev4me.eu/ev-catalog/3312/volkswagen-e-transporter-kombi-l2-100-kw-64-kwh-2025
250.0,25.5,63.8,23,8.6,65872,Nemčija,2025,Volkswagen,e-Transporter Kombi L2 160 kW 64 kWh,https://bestev4me.eu/ev-catalog/3313/volkswagen-e-transporter-kombi-l2-160-kw-64-kwh-2025
250.0,25.5,63.8,23,7.4,67913,Nemčija,2025,Volkswagen,e-Transporter Kombi L2 210 kW 64 kWh,https://bestev4me.eu/ev-catalog/3314/volkswagen-e-transporter-kombi-l2-210-kw-64-kwh-2025
250.0,28.4,71.0,18,7.0,78659,ZDA,2025,Ford,e-Tourneo Custom L2 210 kW AWD,https://bestev4me.eu/ev-catalog/3427/ford-e-tourneo-custom-l2-210-kw-awd-2025
245.0,16.7,41.0,34,13.5,,Francija,2017,Renault,Zoe Q90,https://bestev4me.eu/ev-catalog/1078/renault-zoe-q90-2017
245.0,16.0,39.2,29,9.7,34600,Južna Koreja,2018,Hyundai,Kona Electric 39 kWh,https://bestev4me.eu/ev-catalog/1129/hyundai-kona-electric-39-kwh-2018
245.0,16.7,41.0,34,13.5,,Francija,2018,Renault,Zoe Q90,https://bestev4me.eu/ev-catalog/1131/renault-zoe-q90-2018
245.0,16.0,39.2,29,9.9,34850,Južna Koreja,2019,Hyundai,Kona Electric 39 kWh,https://bestev4me.eu/ev-catalog/1239/hyundai-kona-electric-39-kwh-2019
245.0,16.0,39.2,29,9.9,36400,Južna Koreja,2021,Hyundai,Kona Electric 39 kWh,https://bestev4me.eu/ev-catalog/1422/hyundai-kona-electric-39-kwh-2021
245.0,18.4,45.1,24,7.9,31990,Kitajska,2025,BYD,ATTO 2 45.12 kWh,https://bestev4me.eu/ev-catalog/3125/byd-atto-2-4512-kwh-2025
245.0,16.3,40.0,19,9.2,29400,Francija,2025,Renault,4 E-Tech 40kWh 120hp,https://bestev4me.eu/ev-catalog/3126/renault-4-e-tech-40kwh-120hp-2025
245.0,19.6,48.0,17,12.8,38390,Južna Koreja,2025,Kia,PV5 Passenger 51.5 kWh,https://bestev4me.eu/ev-catalog/3288/kia-pv5-passenger-515-kwh-2025
245.0,26.0,63.8,23,12.8,66021,Nemčija,2025,Volkswagen,e-Caravelle L1 100 kW 64 kWh,https://bestev4me.eu/ev-catalog/3315/volkswagen-e-caravelle-l1-100-kw-64-kwh-2025
245.0,26.0,63.8,23,8.6,68169,Nemčija,2025,Volkswagen,e-Caravelle L1 160 kW 64 kWh,https://bestev4me.eu/ev-catalog/3316/volkswagen-e-caravelle-l1-160-kw-64-kwh-2025
245.0,26.0,63.8,23,7.4,70210,Nemčija,2025,Volkswagen,e-Caravelle L1 210 kW 64 kWh,https://bestev4me.eu/ev-catalog/3317/volkswagen-e-caravelle-l1-210-kw-64-kwh-2025
245.0,26.0,63.8,23,12.8,67027,Nemčija,2025,Volkswagen,e-Caravelle L2 100 kW 64 kWh,https://bestev4me.eu/ev-catalog/3318/volkswagen-e-caravelle-l2-100-kw-64-kwh-2025
245.0,26.0,63.8,23,8.6,69175,Nemčija,2025,Volkswagen,e-Caravelle L2 160 kW 64 kWh,https://bestev4me.eu/ev-catalog/3319/volkswagen-e-caravelle-l2-160-kw-64-kwh-2025
245.0,26.0,63.8,23,7.4,71216,Nemčija,2025,Volkswagen,e-Caravelle L2 210 kW 64 kWh,https://bestev4me.eu/ev-catalog/3320/volkswagen-e-caravelle-l2-210-kw-64-kwh-2025
245.0,19.6,48.0,17,12.8,40190,Južna Koreja,2026,Kia,PV5 Passenger 51.5 kWh - 7 Seats,https://bestev4me.eu/ev-catalog/3670/kia-pv5-passenger-515-kwh-7-seats-2026
245.0,15.3,37.5,15,10.6,24995,Nemčija,2026,Volkswagen,ID. Polo 85 kW - 37 kWh,https://bestev4me.eu/ev-catalog/3674/volkswagen-id-polo-85-kw-37-kwh-2026
245.0,15.3,37.5,15,9.5,29195,Nemčija,2026,Volkswagen,ID. Polo 99 kW - 37 kWh,https://bestev4me.eu/ev-catalog/3675/volkswagen-id-polo-99-kw-37-kwh-2026
240.0,18.3,43.8,19,12.9,26490,Francija,2024,Citroen,ë-C3 Aircross Comfort Range 44 kWh,https://bestev4me.eu/ev-catalog/2224/citroen-e-c3-aircross-comfort-range-44-kwh-2024
240.0,18.3,43.8,19,12.1,28990,Nemčija,2024,Opel,Frontera Electric 44 kWh,https://bestev4me.eu/ev-catalog/2238/opel-frontera-electric-44-kwh-2024
240.0,17.2,41.2,17,8.1,,Kitajska,2025,firefly,firefly,https://bestev4me.eu/ev-catalog/3178/firefly-firefly-2025
240.0,17.1,41.0,19,8.5,26600,Južna Koreja,2026,Kia,EV2 42.2 kWh,https://bestev4me.eu/ev-catalog/3490/kia-ev2-422-kwh-2026
240.0,15.6,37.5,34,11.0,25950,Španija,2026,CUPRA,Raval 85 kW - 37 kWh,https://bestev4me.eu/ev-catalog/3507/cupra-raval-85-kw-37-kwh-2026
240.0,15.6,37.5,15,9.9,29850,Španija,2026,CUPRA,Raval 99 kW - 37 kWh,https://bestev4me.eu/ev-catalog/3508/cupra-raval-99-kw-37-kwh-2026
240.0,16.7,40.0,28,7.8,26490,Kitajska,2025,JAC,E30X 41 kWh,https://bestev4me.eu/ev-catalog/3640/jac-e30x-41-kwh-2025
235.0,16.6,39.0,27,7.9,29990,Japonska,2018,Nissan,LEAF 40 kWh,https://bestev4me.eu/ev-catalog/1106/nissan-leaf-40-kwh-2018
235.0,16.7,39.2,29,9.8,35290,Južna Koreja,2019,Kia,e-Niro 39 kWh,https://bestev4me.eu/ev-catalog/1137/kia-e-niro-39-kwh-2019
235.0,16.1,37.9,23,7.3,39000,Nemčija,2018,BMW,i3 120 Ah,https://bestev4me.eu/ev-catalog/1145/bmw-i3-120-ah-2018
235.0,19.1,45.0,40,7.5,47550,Japonska,2020,Lexus,UX 300e,https://bestev4me.eu/ev-catalog/1251/lexus-ux-300e-2020
235.0,16.7,39.2,29,9.8,34400,Južna Koreja,2020,Kia,e-Niro 39 kWh,https://bestev4me.eu/ev-catalog/1262/kia-e-niro-39-kwh-2020
235.0,15.9,37.3,16,9.0,34990,Italija,2020,Fiat,500e Hatchback 42 kWh,https://bestev4me.eu/ev-catalog/1285/fiat-500e-hatchback-42-kwh-2020
235.0,15.9,37.3,16,9.0,36990,Italija,2020,Fiat,500e 3+1 42 kWh,https://bestev4me.eu/ev-catalog/1328/fiat-500e-31-42-kwh-2020
235.0,16.7,39.2,29,9.8,34400,Južna Koreja,2020,Kia,e-Niro 39 kWh,https://bestev4me.eu/ev-catalog/1339/kia-e-niro-39-kwh-2020
235.0,16.6,39.0,27,7.9,35900,Japonska,2022,Nissan,LEAF 40 kWh,https://bestev4me.eu/ev-catalog/1656/nissan-leaf-40-kwh-2022
235.0,21.3,50.0,18,11.7,36940,Francija,2024,Citroen,ë-Berlingo M 50 kWh,https://bestev4me.eu/ev-catalog/2159/citroen-e-berlingo-m-50-kwh-2024
235.0,21.3,50.0,18,11.3,38600,Nemčija,2024,Opel,Combo Electric 50 kWh,https://bestev4me.eu/ev-catalog/2161/opel-combo-electric-50-kwh-2024
235.0,21.3,50.0,18,11.7,38440,Francija,2024,Peugeot,e-Rifter M 50 kWh,https://bestev4me.eu/ev-catalog/2163/peugeot-e-rifter-m-50-kwh-2024
235.0,21.3,50.0,18,11.7,38830,Japonska,2024,Toyota,Proace City Verso L1 50 kWh,https://bestev4me.eu/ev-catalog/2165/toyota-proace-city-verso-l1-50-kwh-2024
235.0,27.2,64.0,17,9.0,66819,ZDA,2023,Ford,e-Tourneo Custom L1 160 kW,https://bestev4me.eu/ev-catalog/3162/ford-e-tourneo-custom-l1-160-kw-2023
235.0,27.2,64.0,17,8.0,75565,ZDA,2023,Ford,e-Tourneo Custom L1 210 kW,https://bestev4me.eu/ev-catalog/3163/ford-e-tourneo-custom-l1-210-kw-2023
235.0,27.2,64.0,17,9.0,67771,ZDA,2023,Ford,e-Tourneo Custom L2 160 kW,https://bestev4me.eu/ev-catalog/3164/ford-e-tourneo-custom-l2-160-kw-2023
235.0,27.2,64.0,17,8.0,76517,ZDA,2023,Ford,e-Tourneo Custom L2 210 kW,https://bestev4me.eu/ev-catalog/3165/ford-e-tourneo-custom-l2-210-kw-2023
235.0,16.0,37.5,21,11.0,,Češka,2026,Skoda,Epiq 35,https://bestev4me.eu/ev-catalog/3620/skoda-epiq-35-2026
235.0,16.0,37.5,15,9.8,,Češka,2026,Skoda,Epiq 40,https://bestev4me.eu/ev-catalog/3621/skoda-epiq-40-2026
230.0,16.5,37.9,24,6.9,42600,Nemčija,2018,BMW,i3s 120 Ah,https://bestev4me.eu/ev-catalog/1149/bmw-i3s-120-ah-2018
230.0,17.0,39.2,30,9.6,33133,Južna Koreja,2020,Kia,e-Soul 39 kWh,https://bestev4me.eu/ev-catalog/1169/kia-e-soul-39-kwh-2020
230.0,16.2,37.3,16,9.0,37990,Italija,2020,Fiat,500e Cabrio 42 kWh,https://bestev4me.eu/ev-catalog/1275/fiat-500e-cabrio-42-kwh-2020
230.0,17.0,39.2,30,9.6,33133,Južna Koreja,2020,Kia,e-Soul 39 kWh,https://bestev4me.eu/ev-catalog/1289/kia-e-soul-39-kwh-2020
230.0,17.0,39.2,30,9.9,40290,Južna Koreja,2022,Kia,e-Soul 39.2 kWh,https://bestev4me.eu/ev-catalog/1750/kia-e-soul-392-kwh-2022
230.0,21.7,50.0,18,11.7,37940,Francija,2024,Citroen,ë-Berlingo XL 50 kWh,https://bestev4me.eu/ev-catalog/2160/citroen-e-berlingo-xl-50-kwh-2024
230.0,21.7,50.0,18,11.3,39600,Nemčija,2024,Opel,Combo Electric XL 50 kWh,https://bestev4me.eu/ev-catalog/2162/opel-combo-electric-xl-50-kwh-2024
230.0,21.7,50.0,18,11.7,39440,Francija,2024,Peugeot,e-Rifter XL 50 kWh,https://bestev4me.eu/ev-catalog/2164/peugeot-e-rifter-xl-50-kwh-2024
230.0,21.7,50.0,18,11.7,40250,Japonska,2024,Toyota,Proace City Verso L2 50 kWh,https://bestev4me.eu/ev-catalog/2166/toyota-proace-city-verso-l2-50-kwh-2024
230.0,16.7,38.5,18,7.9,34900,Združeno kraljestvo,2024,Mini,Aceman E,https://bestev4me.eu/ev-catalog/2190/mini-aceman-e-2024
225.0,17.3,39.0,38,12.0,,Kitajska,2021,JAC,iEV7s,https://bestev4me.eu/ev-catalog/1410/jac-iev7s-2021
225.0,16.6,37.3,17,7.0,43000,Italija,2023,Abarth,500e Scorpionissima,https://bestev4me.eu/ev-catalog/1790/abarth-500e-scorpionissima-2023
225.0,20.0,45.0,27,12.6,35850,Francija,2022,Renault,Kangoo E-Tech Electric,https://bestev4me.eu/ev-catalog/1802/renault-kangoo-e-tech-electric-2022
225.0,16.6,37.3,17,7.0,37990,Italija,2023,Abarth,500e Hatchback,https://bestev4me.eu/ev-catalog/1903/abarth-500e-hatchback-2023
225.0,16.6,37.3,17,7.0,40990,Italija,2023,Abarth,500e Convertible,https://bestev4me.eu/ev-catalog/1904/abarth-500e-convertible-2023
225.0,20.0,45.0,27,12.6,39623,Nemčija,2023,Mercedes-Benz,EQT 200 Standard,https://bestev4me.eu/ev-catalog/1908/mercedes-benz-eqt-200-standard-2023
225.0,20.0,45.0,27,12.6,39990,Japonska,2023,Nissan,Townstar EV Passenger,https://bestev4me.eu/ev-catalog/2042/nissan-townstar-ev-passenger-2023
225.0,16.0,36.0,36,12.7,18900,Kitajska,2024,Leapmotor,T03,https://bestev4me.eu/ev-catalog/3039/leapmotor-t03-2024
225.0,17.3,39.0,14,8.6,24900,Kitajska,2026,Leapmotor,B03X 39.8 kWh,https://bestev4me.eu/ev-catalog/3665/leapmotor-b03x-398-kwh-2026
220.0,19.3,42.5,25,8.2,31990,Kitajska,2019,MG,ZS EV,https://bestev4me.eu/ev-catalog/1201/mg-zs-ev-2019
220.0,20.5,45.0,27,13.3,40250,Francija,2024,Renault,Kangoo Grand E-Tech Electric,https://bestev4me.eu/ev-catalog/2043/renault-kangoo-grand-e-tech-electric-2024
220.0,27.3,60.0,29,12.0,68398,Nemčija,2024,Mercedes-Benz,eVito Tourer Long 60 kWh,https://bestev4me.eu/ev-catalog/2138/mercedes-benz-evito-tourer-long-60-kwh-2024
220.0,20.5,45.0,27,13.3,41613,Nemčija,2024,Mercedes-Benz,EQT 200 Long,https://bestev4me.eu/ev-catalog/2239/mercedes-benz-eqt-200-long-2024
220.0,20.5,45.0,27,13.3,,Japonska,2024,Nissan,Townstar EV Passenger L2,https://bestev4me.eu/ev-catalog/3084/nissan-townstar-ev-passenger-l2-2024
215.0,27.9,60.0,30,12.0,58488,Nemčija,2024,Mercedes-Benz,EQV 250 Long,https://bestev4me.eu/ev-catalog/2129/mercedes-benz-eqv-250-long-2024
215.0,27.9,60.0,30,12.0,69309,Nemčija,2024,Mercedes-Benz,eVito Tourer Extra-Long 60 kWh,https://bestev4me.eu/ev-catalog/2139/mercedes-benz-evito-tourer-extra-long-60-kwh-2024
210.0,28.6,60.0,20,12.0,60678,Nemčija,2022,Mercedes-Benz,eVito Tourer Long 60 kWh,https://bestev4me.eu/ev-catalog/1617/mercedes-benz-evito-tourer-long-60-kwh-2022
210.0,22.0,46.3,20,11.2,37800,Japonska,2022,Toyota,Proace City Verso L1 50 kWh,https://bestev4me.eu/ev-catalog/1779/toyota-proace-city-verso-l1-50-kwh-2022
210.0,28.6,60.0,30,12.0,59363,Nemčija,2024,Mercedes-Benz,EQV 250 Extra-Long,https://bestev4me.eu/ev-catalog/2130/mercedes-benz-eqv-250-extra-long-2024
205.0,15.8,32.3,36,11.9,21421,Nemčija,2020,Volkswagen,e-Up!,https://bestev4me.eu/ev-catalog/1189/volkswagen-e-up-2020
205.0,15.8,32.3,36,12.3,24534,Češka,2020,Skoda,CITIGOe iV,https://bestev4me.eu/ev-catalog/1190/skoda-citigoe-iv-2020
205.0,15.8,32.3,36,12.3,24650,Španija,2020,SEAT,Mii Electric,https://bestev4me.eu/ev-catalog/1191/seat-mii-electric-2020
205.0,22.6,46.3,20,11.7,41240,Francija,2021,Peugeot,e-Rifter Standard 50 kWh,https://bestev4me.eu/ev-catalog/1522/peugeot-e-rifter-standard-50-kwh-2021
205.0,29.3,60.0,32,12.0,68056,Nemčija,2021,Mercedes-Benz,EQV 250 Long,https://bestev4me.eu/ev-catalog/1542/mercedes-benz-eqv-250-long-2021
205.0,29.3,60.0,32,12.0,68949,Nemčija,2021,Mercedes-Benz,EQV 250 Extra-Long,https://bestev4me.eu/ev-catalog/1543/mercedes-benz-eqv-250-extra-long-2021
205.0,22.6,46.3,20,11.7,43050,Nemčija,2021,Opel,Combo-e Life 50 kWh,https://bestev4me.eu/ev-catalog/1544/opel-combo-e-life-50-kwh-2021
205.0,22.6,46.3,20,11.7,37790,Francija,2021,Citroen,ë-Berlingo M 50 kWh,https://bestev4me.eu/ev-catalog/1546/citroen-e-berlingo-m-50-kwh-2021
205.0,22.6,46.3,20,11.7,43640,Francija,2021,Citroen,ë-Berlingo XL 50 kWh,https://bestev4me.eu/ev-catalog/1547/citroen-e-berlingo-xl-50-kwh-2021
205.0,29.3,60.0,20,12.0,61571,Nemčija,2022,Mercedes-Benz,eVito Tourer Extra-Long 60 kWh,https://bestev4me.eu/ev-catalog/1618/mercedes-benz-evito-tourer-extra-long-60-kwh-2022
205.0,15.8,32.3,36,11.9,29995,Nemčija,2021,Volkswagen,e-Up!,https://bestev4me.eu/ev-catalog/1650/volkswagen-e-up-2021
205.0,22.6,46.3,20,11.2,40150,Japonska,2022,Toyota,Proace City Verso L2 50 kWh,https://bestev4me.eu/ev-catalog/1780/toyota-proace-city-verso-l2-50-kwh-2022
200.0,23.2,46.3,20,11.7,42440,Francija,2021,Peugeot,e-Rifter Long 50 kWh,https://bestev4me.eu/ev-catalog/1523/peugeot-e-rifter-long-50-kwh-2021
200.0,23.2,46.3,20,11.7,44750,Nemčija,2021,Opel,Combo-e Life XL 50 kWh,https://bestev4me.eu/ev-catalog/1545/opel-combo-e-life-xl-50-kwh-2021
200.0,21.8,43.6,18,11.0,35999,ZDA,2024,Ford,e-Tourneo Courier,https://bestev4me.eu/ev-catalog/3166/ford-e-tourneo-courier-2024
200.0,27.0,54.0,22,9.0,,Japonska,2026,Toyota,Hilux Electric 59.2 kWh,https://bestev4me.eu/ev-catalog/3652/toyota-hilux-electric-592-kwh-2026
190.0,14.7,28.0,15,9.9,33300,Južna Koreja,2016,Hyundai,IONIQ Electric,https://bestev4me.eu/ev-catalog/1057/hyundai-ioniq-electric-2016
190.0,16.8,32.0,28,9.6,31900,Nemčija,2017,Volkswagen,e-Golf,https://bestev4me.eu/ev-catalog/1087/volkswagen-e-golf-2017
190.0,15.3,29.0,20,12.5,,Kitajska,2025,Dongfeng,Box 31.4 kWh,https://bestev4me.eu/ev-catalog/3035/dongfeng-box-314-kwh-2025
190.0,15.8,30.0,23,11.1,22990,Kitajska,2025,BYD,DOLPHIN SURF 30 kWh Active,https://bestev4me.eu/ev-catalog/3193/byd-dolphin-surf-30-kwh-active-2025
185.0,25.0,46.3,23,12.1,50880,Francija,2020,Citroen,ë-SpaceTourer XS 50 kWh,https://bestev4me.eu/ev-catalog/1340/citroen-e-spacetourer-xs-50-kwh-2020
185.0,25.0,46.3,23,12.1,53640,Francija,2020,Citroen,ë-SpaceTourer M 50 kWh,https://bestev4me.eu/ev-catalog/1341/citroen-e-spacetourer-m-50-kwh-2020
185.0,25.0,46.3,23,12.1,56700,Nemčija,2020,Opel,Zafira-e Life S 50 kWh,https://bestev4me.eu/ev-catalog/1345/opel-zafira-e-life-s-50-kwh-2020
185.0,25.0,46.3,23,12.1,63250,Nemčija,2020,Opel,Zafira-e Life M 50 kWh,https://bestev4me.eu/ev-catalog/1346/opel-zafira-e-life-m-50-kwh-2020
185.0,25.0,46.3,23,12.1,50880,Francija,2021,Peugeot,e-Traveller Compact 50 kWh,https://bestev4me.eu/ev-catalog/1350/peugeot-e-traveller-compact-50-kwh-2021
185.0,25.0,46.3,23,13.1,53640,Francija,2020,Peugeot,e-Traveller Standard 50 kWh,https://bestev4me.eu/ev-catalog/1351/peugeot-e-traveller-standard-50-kwh-2020
185.0,25.0,46.3,23,13.1,54430,Francija,2020,Peugeot,e-Traveller Long 50 kWh,https://bestev4me.eu/ev-catalog/1352/peugeot-e-traveller-long-50-kwh-2020
185.0,25.0,46.3,23,12.1,58530,Japonska,2021,Toyota,Proace Verso M 50 kWh,https://bestev4me.eu/ev-catalog/1512/toyota-proace-verso-m-50-kwh-2021
185.0,25.0,46.3,23,12.1,49080,Francija,2020,Citroen,ë-Jumpy Combi XS 50 kWh,https://bestev4me.eu/ev-catalog/1594/citroen-e-jumpy-combi-xs-50-kwh-2020
185.0,25.0,46.3,23,12.1,51940,Francija,2020,Citroen,ë-Jumpy Combi M 50 kWh,https://bestev4me.eu/ev-catalog/1595/citroen-e-jumpy-combi-m-50-kwh-2020
185.0,25.0,46.3,23,12.1,49623,Nemčija,2020,Opel,Vivaro-e Combi S 50 kWh,https://bestev4me.eu/ev-catalog/1599/opel-vivaro-e-combi-s-50-kwh-2020
185.0,25.0,46.3,23,12.1,50992,Nemčija,2020,Opel,Vivaro-e Combi M 50 kWh,https://bestev4me.eu/ev-catalog/1600/opel-vivaro-e-combi-m-50-kwh-2020
185.0,25.0,46.3,23,12.1,49080,Francija,2021,Peugeot,e-Expert Combi Compact 50 kWh,https://bestev4me.eu/ev-catalog/1604/peugeot-e-expert-combi-compact-50-kwh-2021
185.0,25.0,46.3,23,13.1,51940,Francija,2021,Peugeot,e-Expert Combi Standard 50 kWh,https://bestev4me.eu/ev-catalog/1605/peugeot-e-expert-combi-standard-50-kwh-2021
185.0,25.0,46.3,23,13.1,52730,Francija,2021,Peugeot,e-Expert Combi Long 50 kWh,https://bestev4me.eu/ev-catalog/1606/peugeot-e-expert-combi-long-50-kwh-2021
185.0,25.0,46.3,23,12.1,,Japonska,2021,Toyota,Proace Shuttle M 50 kWh,https://bestev4me.eu/ev-catalog/1609/toyota-proace-shuttle-m-50-kwh-2021
185.0,25.0,46.3,23,12.1,55990,Italija,2022,Fiat,E-Ulysse L2 50 kWh,https://bestev4me.eu/ev-catalog/1721/fiat-e-ulysse-l2-50-kwh-2022
185.0,14.9,27.5,24,12.1,19990,Francija,2025,Renault,Twingo E-Tech 27.5 kWh,https://bestev4me.eu/ev-catalog/3392/renault-twingo-e-tech-275-kwh-2025
185.0,15.1,28.0,24,10.0,,Japonska,2026,Honda,Super-N,https://bestev4me.eu/ev-catalog/3656/honda-super-n-2026
180.0,16.1,28.9,24,7.3,32500,Združeno kraljestvo,2020,Mini,Cooper SE,https://bestev4me.eu/ev-catalog/1163/mini-cooper-se-2020
180.0,25.7,46.3,23,12.1,54430,Francija,2020,Citroen,ë-SpaceTourer XL 50 kWh,https://bestev4me.eu/ev-catalog/1342/citroen-e-spacetourer-xl-50-kwh-2020
180.0,25.7,46.3,23,12.1,64075,Nemčija,2020,Opel,Zafira-e Life L 50 kWh,https://bestev4me.eu/ev-catalog/1347/opel-zafira-e-life-l-50-kwh-2020
180.0,16.1,28.9,24,7.3,35700,Združeno kraljestvo,2021,Mini,Cooper SE,https://bestev4me.eu/ev-catalog/1409/mini-cooper-se-2021
180.0,25.7,46.3,23,12.1,59385,Japonska,2021,Toyota,Proace Verso L 50 kWh,https://bestev4me.eu/ev-catalog/1513/toyota-proace-verso-l-50-kwh-2021
180.0,25.7,46.3,23,12.1,52730,Francija,2020,Citroen,ë-Jumpy Combi XL 50 kWh,https://bestev4me.eu/ev-catalog/1596/citroen-e-jumpy-combi-xl-50-kwh-2020
180.0,25.7,46.3,23,12.1,51825,Nemčija,2020,Opel,Vivaro-e Combi L 50 kWh,https://bestev4me.eu/ev-catalog/1601/opel-vivaro-e-combi-l-50-kwh-2020
180.0,25.7,46.3,23,12.1,,Japonska,2021,Toyota,Proace Shuttle L 50 kWh,https://bestev4me.eu/ev-catalog/1610/toyota-proace-shuttle-l-50-kwh-2021
180.0,25.7,46.3,23,12.1,56990,Italija,2022,Fiat,E-Ulysse L3 50 kWh,https://bestev4me.eu/ev-catalog/1723/fiat-e-ulysse-l3-50-kwh-2022
180.0,25.7,46.3,23,13.3,46230,Francija,2024,Citroen,ë-SpaceTourer M 50 kWh,https://bestev4me.eu/ev-catalog/2252/citroen-e-spacetourer-m-50-kwh-2024
180.0,25.7,46.3,23,13.3,47230,Francija,2024,Citroen,ë-SpaceTourer XL 50 kWh,https://bestev4me.eu/ev-catalog/2253/citroen-e-spacetourer-xl-50-kwh-2024
180.0,25.7,46.3,23,13.3,46230,Francija,2024,Peugeot,e-Traveller L2 50 kWh,https://bestev4me.eu/ev-catalog/2256/peugeot-e-traveller-l2-50-kwh-2024
180.0,25.7,46.3,23,13.3,47230,Francija,2024,Peugeot,e-Traveller L3 50 kWh,https://bestev4me.eu/ev-catalog/2257/peugeot-e-traveller-l3-50-kwh-2024
180.0,25.7,46.3,23,13.3,47550,Nemčija,2024,Opel,Zafira Electric 50 kWh,https://bestev4me.eu/ev-catalog/2260/opel-zafira-electric-50-kwh-2024
180.0,25.7,46.3,23,13.3,48550,Nemčija,2024,Opel,Zafira Electric XL 50 kWh,https://bestev4me.eu/ev-catalog/2261/opel-zafira-electric-xl-50-kwh-2024
180.0,25.7,46.3,23,12.1,44230,Japonska,2024,Toyota,Proace Verso M 50 kWh,https://bestev4me.eu/ev-catalog/2264/toyota-proace-verso-m-50-kwh-2024
175.0,17.0,29.8,38,11.6,19990,Francija,2025,Citroen,ë-C3 Urban Range 30 kWh,https://bestev4me.eu/ev-catalog/3280/citroen-e-c3-urban-range-30-kwh-2025
170.0,16.5,28.0,24,11.5,33960,Japonska,2015,Nissan,LEAF 30 kWh,https://bestev4me.eu/ev-catalog/1020/nissan-leaf-30-kwh-2015
170.0,21.8,37.0,36,14.0,43730,Japonska,2018,Nissan,e-NV200 Evalia,https://bestev4me.eu/ev-catalog/1117/nissan-e-nv200-evalia-2018
170.0,17.6,30.0,29,11.2,29490,Južna Koreja,2017,Kia,Soul EV,https://bestev4me.eu/ev-catalog/1122/kia-soul-ev-2017
170.0,16.8,28.5,36,9.0,33850,Japonska,2020,Honda,e,https://bestev4me.eu/ev-catalog/1171/honda-e-2020
170.0,16.8,28.5,36,8.3,39900,Japonska,2020,Honda,e Advance,https://bestev4me.eu/ev-catalog/1233/honda-e-advance-2020
170.0,17.6,30.0,34,9.7,34490,Japonska,2020,Mazda,MX-30,https://bestev4me.eu/ev-catalog/1241/mazda-mx-30-2020
170.0,17.6,30.0,38,9.7,35990,Japonska,2022,Mazda,MX-30,https://bestev4me.eu/ev-catalog/1680/mazda-mx-30-2022
165.0,16.5,27.2,24,7.3,36800,Nemčija,2016,BMW,i3 94 Ah,https://bestev4me.eu/ev-catalog/1068/bmw-i3-94-ah-2016
165.0,16.5,27.2,24,7.3,37550,Nemčija,2017,BMW,i3 94 Ah,https://bestev4me.eu/ev-catalog/1104/bmw-i3-94-ah-2017
165.0,15.2,25.0,34,19.1,22550,Romunija,2022,Dacia,Spring Electric 45,https://bestev4me.eu/ev-catalog/1705/dacia-spring-electric-45-2022
165.0,17.5,28.9,27,8.2,60000,Združeno kraljestvo,2023,Mini,Cooper SE Convertible,https://bestev4me.eu/ev-catalog/1827/mini-cooper-se-convertible-2023
165.0,15.2,25.0,163,19.1,16900,Romunija,2024,Dacia,Spring Electric 45,https://bestev4me.eu/ev-catalog/2126/dacia-spring-electric-45-2024
165.0,14.5,24.0,27,12.3,18700,Romunija,2025,Dacia,Spring Electric 70,https://bestev4me.eu/ev-catalog/3408/dacia-spring-electric-70-2025
160.0,19.4,31.0,188,22.4,38000,Francija,2017,Renault,Kangoo Maxi ZE 33,https://bestev4me.eu/ev-catalog/1101/renault-kangoo-maxi-ze-33-2017
160.0,17.0,27.2,24,6.9,45750,Nemčija,2017,BMW,i3s 94 Ah,https://bestev4me.eu/ev-catalog/1105/bmw-i3s-94-ah-2017
160.0,15.6,25.0,36,19.1,20490,Romunija,2021,Dacia,Spring Electric,https://bestev4me.eu/ev-catalog/1319/dacia-spring-electric-2021
160.0,15.6,25.0,36,19.1,20490,Romunija,2021,Dacia,Spring Electric,https://bestev4me.eu/ev-catalog/1704/dacia-spring-electric-2021
160.0,15.6,25.0,36,13.7,24550,Romunija,2023,Dacia,Spring Electric 65 Extreme,https://bestev4me.eu/ev-catalog/1813/dacia-spring-electric-65-extreme-2023
160.0,15.6,25.0,36,13.7,18900,Romunija,2024,Dacia,Spring Electric 65,https://bestev4me.eu/ev-catalog/2127/dacia-spring-electric-65-2024
160.0,15.0,24.0,28,9.6,19700,Romunija,2025,Dacia,Spring Electric 100,https://bestev4me.eu/ev-catalog/3409/dacia-spring-electric-100-2025
155.0,17.4,27.0,29,11.2,28890,Južna Koreja,2014,Kia,Soul EV,https://bestev4me.eu/ev-catalog/1012/kia-soul-ev-2014
150.0,18.7,28.0,140,7.9,39151,Nemčija,2015,Mercedes-Benz,B 250e,https://bestev4me.eu/ev-catalog/1013/mercedes-benz-b-250e-2015
150.0,18.0,27.0,120,12.0,24990,Nemčija,2022,e.GO,e.wave X,https://bestev4me.eu/ev-catalog/1896/ego-ewave-x-2022
145.0,16.1,23.3,55,13.5,21500,Francija,2015,Renault,Zoe R240,https://bestev4me.eu/ev-catalog/1050/renault-zoe-r240-2015
140.0,16.6,23.3,32,13.5,,Francija,2013,Renault,Zoe Q210,https://bestev4me.eu/ev-catalog/1026/renault-zoe-q210-2013
140.0,16.6,23.3,55,14.5,30100,Francija,2017,Renault,Zoe R90 Entry,https://bestev4me.eu/ev-catalog/1079/renault-zoe-r90-entry-2017
135.0,16.3,22.0,32,11.5,29690,Japonska,2013,Nissan,LEAF 24 kWh,https://bestev4me.eu/ev-catalog/1019/nissan-leaf-24-kwh-2013
135.0,15.8,21.3,60,12.6,28000,Francija,2020,Renault,Twingo Electric,https://bestev4me.eu/ev-catalog/1270/renault-twingo-electric-2020
135.0,15.8,21.3,27,9.0,30990,Italija,2020,Fiat,500e Hatchback 24 kWh,https://bestev4me.eu/ev-catalog/1327/fiat-500e-hatchback-24-kwh-2020
135.0,15.8,21.3,27,9.0,,Italija,2022,Fiat,500e 3+1 24 kWh,https://bestev4me.eu/ev-catalog/1726/fiat-500e-31-24-kwh-2022
135.0,15.8,21.3,27,9.0,35490,Italija,2022,Fiat,500e Cabrio 24 kWh,https://bestev4me.eu/ev-catalog/1727/fiat-500e-cabrio-24-kwh-2022
125.0,17.6,22.0,34,11.9,33990,Japonska,2011,Nissan,LEAF 24 kWh,https://bestev4me.eu/ev-catalog/1011/nissan-leaf-24-kwh-2011
125.0,16.4,20.5,27,10.4,34900,Nemčija,2014,Volkswagen,e-Golf,https://bestev4me.eu/ev-catalog/1040/volkswagen-e-golf-2014
120.0,29.2,35.0,286,16.0,54395,Nemčija,2019,Mercedes-Benz,eVito Tourer Long 41 kWh,https://bestev4me.eu/ev-catalog/1613/mercedes-benz-evito-tourer-long-41-kwh-2019
120.0,29.2,35.0,286,16.0,55275,Nemčija,2019,Mercedes-Benz,eVito Tourer Extra-Long 41 kWh,https://bestev4me.eu/ev-catalog/1614/mercedes-benz-evito-tourer-extra-long-41-kwh-2019
115.0,16.3,18.8,27,7.2,34950,Nemčija,2013,BMW,i3 60 Ah,https://bestev4me.eu/ev-catalog/1004/bmw-i3-60-ah-2013
105.0,18.6,19.6,200,11.4,39990,ZDA,2013,Ford,Focus Electric,https://bestev4me.eu/ev-catalog/1010/ford-focus-electric-2013
105.0,21.0,22.0,40,14.0,37602,Japonska,2014,Nissan,e-NV200 Evalia,https://bestev4me.eu/ev-catalog/1021/nissan-e-nv200-evalia-2014
100.0,16.0,16.0,36,12.4,22975,Nemčija,2016,Volkswagen,e-Up!,https://bestev4me.eu/ev-catalog/1081/volkswagen-e-up-2016
100.0,16.7,16.7,273,11.5,21940,Nemčija,2017,Smart,ForTwo Electric Drive,https://bestev4me.eu/ev-catalog/1090/smart-fortwo-electric-drive-2017
100.0,20.5,20.5,43,19.5,,Francija,2017,Citroen,ë-Berlingo Multispace,https://bestev4me.eu/ev-catalog/1102/citroen-e-berlingo-multispace-2017
100.0,20.5,20.5,43,19.5,,Francija,2017,Peugeot,Partner Tepee Electric,https://bestev4me.eu/ev-catalog/1103/peugeot-partner-tepee-electric-2017
100.0,16.7,16.7,60,11.5,21940,Nemčija,2018,Smart,EQ fortwo coupe,https://bestev4me.eu/ev-catalog/1132/smart-eq-fortwo-coupe-2018
100.0,16.7,16.7,60,11.6,21940,Nemčija,2020,Smart,EQ fortwo coupe,https://bestev4me.eu/ev-catalog/1230/smart-eq-fortwo-coupe-2020
95.0,16.8,16.0,38,12.4,26900,Nemčija,2014,Volkswagen,e-Up!,https://bestev4me.eu/ev-catalog/1041/volkswagen-e-up-2014
95.0,17.6,16.7,286,12.7,22600,Nemčija,2017,Smart,ForFour Electric Drive,https://bestev4me.eu/ev-catalog/1091/smart-forfour-electric-drive-2017
95.0,17.6,16.7,286,11.8,25200,Nemčija,2017,Smart,ForTwo Cabrio Electric Drive,https://bestev4me.eu/ev-catalog/1099/smart-fortwo-cabrio-electric-drive-2017
95.0,17.6,16.7,60,11.8,25200,Nemčija,2018,Smart,EQ fortwo cabrio,https://bestev4me.eu/ev-catalog/1133/smart-eq-fortwo-cabrio-2018
95.0,17.6,16.7,60,12.7,22600,Nemčija,2018,Smart,EQ forfour,https://bestev4me.eu/ev-catalog/1134/smart-eq-forfour-2018
95.0,17.6,16.7,60,11.9,25200,Nemčija,2020,Smart,EQ fortwo cabrio,https://bestev4me.eu/ev-catalog/1231/smart-eq-fortwo-cabrio-2020
95.0,17.6,16.7,60,12.7,19120,Nemčija,2020,Smart,EQ forfour,https://bestev4me.eu/ev-catalog/1232/smart-eq-forfour-2020
85.0,17.1,14.5,36,15.9,29393,Francija,2011,Citroen,C-Zero,https://bestev4me.eu/ev-catalog/1027/citroen-c-zero-2011
85.0,17.1,14.5,36,15.9,29393,Francija,2011,Peugeot,iOn,https://bestev4me.eu/ev-catalog/1028/peugeot-ion-2011
85.0,17.1,14.5,36,15.9,29393,Japonska,2011,Mitsubishi,i-MiEV,https://bestev4me.eu/ev-catalog/1029/mitsubishi-i-miev-2011
85.0,17.1,14.5,36,15.9,21800,Francija,2016,Citroen,C-Zero,https://bestev4me.eu/ev-catalog/1094/citroen-c-zero-2016
85.0,17.1,14.5,36,15.9,21800,Francija,2016,Peugeot,iOn,https://bestev4me.eu/ev-catalog/1095/peugeot-ion-2016
85.0,17.1,14.5,36,15.9,23790,Japonska,2015,Mitsubishi,i-MiEV,https://bestev4me.eu/ev-catalog/1096/mitsubishi-i-miev-2015
